mass,fold,pred_nb,pred_glmnet,pred_svm,pred_maxent,pred_rf,pred_lb,pred_slda,pred_ensemble,pred_nb_correct,pred_glmnet_correct,pred_svm_correct,pred_maxent_correct,pred_rf_correct,pred_lb_correct,pred_slda_correct,pred_ensemble_correct
0,1,0,0,0,0,0,0,0,0,1,1,1,1,1,1,1,1
1,1,1,1,1,1,1,1,1,1,1,1,1,1,1,1,1,1
0,1,0,0,0,0,0,0,0,0,1,1,1,1,1,1,1,1
0,1,0,0,0,0,0,0,0,0,1,1,1,1,1,1,1,1
0,1,0,0,0,0,0,0,0,0,1,1,1,1,1,1,1,1
1,1,1,1,1,1,1,1,1,1,1,1,1,1,1,1,1,1
1,1,1,1,1,1,1,0,1,1,1,1,1,1,1,0,1,1
1,1,1,1,1,1,1,0,1,1,1,1,1,1,1,0,1,1
0,1,0,0,0,0,0,0,0,0,1,1,1,1,1,1,1,1
1,1,0,1,1,1,1,0,1,1,0,1,1,1,1,0,1,1
0,1,0,0,0,0,0,0,0,0,1,1,1,1,1,1,1,1
1,1,1,1,1,1,1,1,1,1,1,1,1,1,1,1,1,1
0,1,0,0,0,0,0,0,0,0,1,1,1,1,1,1,1,1
0,1,0,0,0,0,0,0,0,0,1,1,1,1,1,1,1,1
0,1,0,0,0,0,0,0,0,0,1,1,1,1,1,1,1,1
0,1,0,0,0,0,0,0,0,0,1,1,1,1,1,1,1,1
1,1,1,1,1,1,1,1,0,1,1,1,1,1,1,1,0,1
1,1,1,1,1,1,1,1,1,1,1,1,1,1,1,1,1,1
1,1,1,1,1,1,1,0,1,1,1,1,1,1,1,0,1,1
0,1,0,0,0,1,0,0,0,0,1,1,1,0,1,1,1,1
0,1,0,0,0,0,0,0,0,0,1,1,1,1,1,1,1,1
0,1,0,0,0,0,0,0,0,0,1,1,1,1,1,1,1,1
0,1,0,0,0,0,0,0,0,0,1,1,1,1,1,1,1,1
0,1,0,0,0,0,0,0,0,0,1,1,1,1,1,1,1,1
0,1,0,0,0,0,0,0,0,0,1,1,1,1,1,1,1,1
1,1,0,1,1,1,1,1,1,1,0,1,1,1,1,1,1,1
0,1,0,0,0,0,0,0,0,0,1,1,1,1,1,1,1,1
1,1,1,1,1,1,1,1,1,1,1,1,1,1,1,1,1,1
0,1,0,0,0,0,0,0,0,0,1,1,1,1,1,1,1,1
0,1,0,0,1,0,0,0,1,0,1,1,0,1,1,1,0,1
1,1,0,0,0,0,0,1,0,0,0,0,0,0,0,1,0,0
0,1,0,0,0,0,0,0,0,0,1,1,1,1,1,1,1,1
1,1,1,1,1,1,1,0,1,1,1,1,1,1,1,0,1,1
0,1,0,0,0,0,0,0,0,0,1,1,1,1,1,1,1,1
0,1,0,0,0,0,0,0,0,0,1,1,1,1,1,1,1,1
1,1,1,1,1,1,1,1,1,1,1,1,1,1,1,1,1,1
0,1,0,0,0,0,0,0,0,0,1,1,1,1,1,1,1,1
0,1,0,0,0,0,0,0,0,0,1,1,1,1,1,1,1,1
0,1,0,0,0,0,0,0,0,0,1,1,1,1,1,1,1,1
0,1,0,0,0,0,0,0,0,0,1,1,1,1,1,1,1,1
0,1,0,0,0,0,0,0,0,0,1,1,1,1,1,1,1,1
1,1,1,1,1,1,1,0,1,1,1,1,1,1,1,0,1,1
1,1,1,1,1,1,1,1,1,1,1,1,1,1,1,1,1,1
1,1,1,1,1,1,1,1,1,1,1,1,1,1,1,1,1,1
0,1,0,0,0,0,0,0,0,0,1,1,1,1,1,1,1,1
0,1,0,0,0,0,0,0,0,0,1,1,1,1,1,1,1,1
1,1,1,1,1,1,1,1,1,1,1,1,1,1,1,1,1,1
0,1,1,0,0,0,0,0,0,0,0,1,1,1,1,1,1,1
0,1,0,0,0,0,0,0,0,0,1,1,1,1,1,1,1,1
0,1,0,0,0,0,0,0,0,0,1,1,1,1,1,1,1,1
1,1,1,1,1,1,1,1,1,1,1,1,1,1,1,1,1,1
1,1,0,0,0,0,1,1,0,0,0,0,0,0,1,1,0,0
0,1,0,0,0,0,0,0,0,0,1,1,1,1,1,1,1,1
0,1,0,0,0,0,0,0,0,0,1,1,1,1,1,1,1,1
0,1,0,0,0,0,0,0,0,0,1,1,1,1,1,1,1,1
0,1,0,0,0,0,0,0,0,0,1,1,1,1,1,1,1,1
1,1,0,1,1,1,1,0,1,1,0,1,1,1,1,0,1,1
0,1,1,0,0,0,0,0,0,0,0,1,1,1,1,1,1,1
1,1,1,0,0,0,0,0,0,0,1,0,0,0,0,0,0,0
0,1,0,1,0,0,1,0,1,0,1,0,1,1,0,1,0,1
0,1,1,1,1,1,1,0,1,1,0,0,0,0,0,1,0,0
1,1,1,1,1,1,1,1,1,1,1,1,1,1,1,1,1,1
1,1,1,1,1,1,1,0,1,1,1,1,1,1,1,0,1,1
1,1,1,1,1,1,1,1,1,1,1,1,1,1,1,1,1,1
0,1,1,0,0,0,1,0,0,0,0,1,1,1,0,1,1,1
0,1,0,0,0,0,0,0,0,0,1,1,1,1,1,1,1,1
0,1,0,0,0,0,0,0,0,0,1,1,1,1,1,1,1,1
0,1,0,0,0,0,0,0,0,0,1,1,1,1,1,1,1,1
0,1,0,0,0,0,0,0,0,0,1,1,1,1,1,1,1,1
1,1,1,1,1,1,1,1,1,1,1,1,1,1,1,1,1,1
1,1,0,1,0,0,1,0,0,0,0,1,0,0,1,0,0,0
0,1,0,0,0,0,0,0,0,0,1,1,1,1,1,1,1,1
0,1,0,0,0,0,0,0,0,0,1,1,1,1,1,1,1,1
1,1,1,1,1,1,1,1,1,1,1,1,1,1,1,1,1,1
0,1,0,0,1,1,0,0,0,0,1,1,0,0,1,1,1,1
1,1,1,1,1,1,1,1,1,1,1,1,1,1,1,1,1,1
0,1,1,0,1,1,0,0,1,1,0,1,0,0,1,1,0,0
1,1,1,1,1,1,1,1,1,1,1,1,1,1,1,1,1,1
1,1,1,1,1,1,1,0,1,1,1,1,1,1,1,0,1,1
0,1,0,0,0,0,0,0,0,0,1,1,1,1,1,1,1,1
0,1,0,0,0,0,0,0,0,0,1,1,1,1,1,1,1,1
0,1,1,0,0,0,0,0,0,0,0,1,1,1,1,1,1,1
0,1,0,0,0,0,0,0,0,0,1,1,1,1,1,1,1,1
0,1,0,0,0,0,0,0,0,0,1,1,1,1,1,1,1,1
1,1,1,1,1,0,1,1,1,1,1,1,1,0,1,1,1,1
0,1,0,0,0,0,0,0,0,0,1,1,1,1,1,1,1,1
0,1,0,0,0,0,0,0,0,0,1,1,1,1,1,1,1,1
1,1,1,0,1,0,1,0,0,0,1,0,1,0,1,0,0,0
1,1,1,1,1,1,1,1,1,1,1,1,1,1,1,1,1,1
1,1,0,0,0,0,0,0,0,0,0,0,0,0,0,0,0,0
1,1,1,1,1,1,1,1,1,1,1,1,1,1,1,1,1,1
0,1,0,0,0,0,1,0,0,0,1,1,1,1,0,1,1,1
1,1,1,1,1,1,1,1,1,1,1,1,1,1,1,1,1,1
1,1,1,1,1,1,1,1,1,1,1,1,1,1,1,1,1,1
0,1,0,0,0,0,0,0,0,0,1,1,1,1,1,1,1,1
0,1,0,0,0,0,0,0,0,0,1,1,1,1,1,1,1,1
0,1,1,1,1,1,1,1,1,1,0,0,0,0,0,0,0,0
0,1,0,0,0,1,0,0,0,0,1,1,1,0,1,1,1,1
1,1,1,1,1,1,1,1,1,1,1,1,1,1,1,1,1,1
0,1,0,0,0,0,0,0,0,0,1,1,1,1,1,1,1,1
0,1,0,0,0,0,0,0,0,0,1,1,1,1,1,1,1,1
1,1,1,1,1,1,1,1,1,1,1,1,1,1,1,1,1,1
1,1,1,1,1,1,1,0,1,1,1,1,1,1,1,0,1,1
0,1,0,0,0,0,0,0,0,0,1,1,1,1,1,1,1,1
0,1,1,0,0,0,1,0,0,0,0,1,1,1,0,1,1,1
1,1,1,1,0,0,1,0,0,0,1,1,0,0,1,0,0,0
1,1,1,1,1,1,1,1,1,1,1,1,1,1,1,1,1,1
0,1,0,0,0,0,0,0,0,0,1,1,1,1,1,1,1,1
0,1,0,0,0,0,0,0,0,0,1,1,1,1,1,1,1,1
1,1,1,1,1,1,1,1,1,1,1,1,1,1,1,1,1,1
0,1,1,1,1,0,1,0,1,1,0,0,0,1,0,1,0,0
0,1,1,0,0,0,0,0,0,0,0,1,1,1,1,1,1,1
0,1,0,0,0,0,0,0,0,0,1,1,1,1,1,1,1,1
0,1,1,0,0,1,1,0,1,1,0,1,1,0,0,1,0,0
0,1,0,0,0,0,0,0,0,0,1,1,1,1,1,1,1,1
0,1,1,1,1,0,1,1,1,1,0,0,0,1,0,0,0,0
1,1,0,0,1,0,1,1,0,0,0,0,1,0,1,1,0,0
1,1,0,1,1,1,1,1,0,1,0,1,1,1,1,1,0,1
1,1,1,1,1,1,1,1,1,1,1,1,1,1,1,1,1,1
1,1,1,1,1,1,1,1,1,1,1,1,1,1,1,1,1,1
0,1,0,0,0,0,0,0,0,0,1,1,1,1,1,1,1,1
1,1,1,1,1,0,1,1,1,1,1,1,1,0,1,1,1,1
0,1,0,0,0,0,0,0,0,0,1,1,1,1,1,1,1,1
0,1,0,0,0,0,0,0,0,0,1,1,1,1,1,1,1,1
1,1,1,1,1,1,1,1,1,1,1,1,1,1,1,1,1,1
1,1,1,1,1,0,1,0,1,1,1,1,1,0,1,0,1,1
0,1,0,0,0,0,0,0,0,0,1,1,1,1,1,1,1,1
1,1,1,1,1,1,1,1,1,1,1,1,1,1,1,1,1,1
0,1,0,0,0,0,0,0,0,0,1,1,1,1,1,1,1,1
0,1,0,0,0,0,0,0,0,0,1,1,1,1,1,1,1,1
0,1,0,0,0,0,0,0,0,0,1,1,1,1,1,1,1,1
0,1,0,0,0,0,1,0,0,0,1,1,1,1,0,1,1,1
1,1,1,1,1,1,1,1,1,1,1,1,1,1,1,1,1,1
0,1,0,0,0,0,0,0,0,0,1,1,1,1,1,1,1,1
0,1,0,0,0,0,0,0,0,0,1,1,1,1,1,1,1,1
0,1,0,0,0,0,0,0,0,0,1,1,1,1,1,1,1,1
0,1,0,0,0,0,0,0,0,0,1,1,1,1,1,1,1,1
1,1,0,0,0,1,1,0,1,0,0,0,0,1,1,0,1,0
0,1,0,0,0,0,0,0,0,0,1,1,1,1,1,1,1,1
1,1,1,1,1,1,1,1,1,1,1,1,1,1,1,1,1,1
0,1,0,0,1,1,0,0,0,0,1,1,0,0,1,1,1,1
1,1,1,1,1,1,1,1,1,1,1,1,1,1,1,1,1,1
0,1,0,0,0,0,0,0,0,0,1,1,1,1,1,1,1,1
0,1,0,0,0,1,0,0,0,0,1,1,1,0,1,1,1,1
1,1,1,1,1,1,1,1,1,1,1,1,1,1,1,1,1,1
1,1,1,1,1,1,1,1,1,1,1,1,1,1,1,1,1,1
1,1,1,1,1,1,1,1,1,1,1,1,1,1,1,1,1,1
0,1,0,0,0,0,0,0,0,0,1,1,1,1,1,1,1,1
0,1,0,1,0,0,0,0,1,0,1,0,1,1,1,1,0,1
1,1,1,1,1,1,1,0,1,1,1,1,1,1,1,0,1,1
0,1,0,0,0,0,0,0,0,0,1,1,1,1,1,1,1,1
1,1,1,1,1,1,1,1,1,1,1,1,1,1,1,1,1,1
1,1,1,0,0,0,1,1,0,0,1,0,0,0,1,1,0,0
0,1,0,0,1,0,0,0,1,0,1,1,0,1,1,1,0,1
0,1,0,0,0,0,0,0,0,0,1,1,1,1,1,1,1,1
1,1,1,1,1,1,1,0,1,1,1,1,1,1,1,0,1,1
1,1,1,1,1,1,1,1,1,1,1,1,1,1,1,1,1,1
0,1,0,0,0,0,0,0,0,0,1,1,1,1,1,1,1,1
0,1,0,0,0,0,0,0,0,0,1,1,1,1,1,1,1,1
1,1,1,1,1,1,1,1,1,1,1,1,1,1,1,1,1,1
0,1,0,0,0,0,0,0,0,0,1,1,1,1,1,1,1,1
1,1,1,0,0,0,1,0,0,0,1,0,0,0,1,0,0,0
0,1,1,0,0,0,0,0,1,0,0,1,1,1,1,1,0,1
1,1,1,0,1,1,1,0,1,1,1,0,1,1,1,0,1,1
1,1,1,1,1,1,1,1,1,1,1,1,1,1,1,1,1,1
1,1,0,1,0,1,0,0,1,0,0,1,0,1,0,0,1,0
0,1,0,0,0,0,0,0,0,0,1,1,1,1,1,1,1,1
1,1,1,1,1,1,1,1,1,1,1,1,1,1,1,1,1,1
0,1,0,0,0,0,0,0,0,0,1,1,1,1,1,1,1,1
1,1,1,1,1,1,1,1,1,1,1,1,1,1,1,1,1,1
0,1,1,1,0,0,1,0,0,0,0,0,1,1,0,1,1,1
1,1,1,1,1,1,1,1,1,1,1,1,1,1,1,1,1,1
1,1,1,1,1,1,1,1,1,1,1,1,1,1,1,1,1,1
0,1,0,0,0,0,0,0,0,0,1,1,1,1,1,1,1,1
1,1,1,1,1,1,1,1,1,1,1,1,1,1,1,1,1,1
0,1,0,0,0,0,0,0,0,0,1,1,1,1,1,1,1,1
0,1,0,0,0,0,0,0,0,0,1,1,1,1,1,1,1,1
1,1,1,1,1,1,1,1,1,1,1,1,1,1,1,1,1,1
1,1,1,1,1,1,1,1,1,1,1,1,1,1,1,1,1,1
1,1,1,1,1,1,1,1,1,1,1,1,1,1,1,1,1,1
0,1,0,0,0,0,0,0,0,0,1,1,1,1,1,1,1,1
0,1,1,0,0,1,0,0,0,0,0,1,1,0,1,1,1,1
1,1,1,1,1,1,1,1,1,1,1,1,1,1,1,1,1,1
0,1,0,0,0,0,0,0,0,0,1,1,1,1,1,1,1,1
1,1,1,1,1,1,1,1,1,1,1,1,1,1,1,1,1,1
1,1,1,1,1,1,1,0,1,1,1,1,1,1,1,0,1,1
0,1,0,0,0,0,0,0,0,0,1,1,1,1,1,1,1,1
1,1,1,1,1,1,1,1,1,1,1,1,1,1,1,1,1,1
0,1,0,0,0,0,0,0,0,0,1,1,1,1,1,1,1,1
0,1,0,0,0,0,0,0,0,0,1,1,1,1,1,1,1,1
0,1,0,0,0,1,0,0,0,0,1,1,1,0,1,1,1,1
0,1,0,0,0,0,0,0,0,0,1,1,1,1,1,1,1,1
0,1,0,0,0,0,1,0,0,0,1,1,1,1,0,1,1,1
1,1,0,1,1,1,1,1,1,1,0,1,1,1,1,1,1,1
0,1,0,0,0,0,1,0,0,0,1,1,1,1,0,1,1,1
1,1,1,1,1,1,1,0,1,1,1,1,1,1,1,0,1,1
1,1,1,1,1,1,1,0,1,1,1,1,1,1,1,0,1,1
1,1,1,1,0,0,0,0,0,0,1,1,0,0,0,0,0,0
1,1,0,1,1,1,1,0,1,1,0,1,1,1,1,0,1,1
0,1,0,0,0,0,0,0,0,0,1,1,1,1,1,1,1,1
1,1,1,1,1,1,1,0,1,1,1,1,1,1,1,0,1,1
1,1,0,1,1,1,1,1,1,1,0,1,1,1,1,1,1,1
1,1,1,0,0,1,1,0,0,0,1,0,0,1,1,0,0,0
0,1,0,0,0,0,0,0,0,0,1,1,1,1,1,1,1,1
1,1,1,1,0,0,0,1,0,0,1,1,0,0,0,1,0,0
0,1,0,0,0,0,0,0,0,0,1,1,1,1,1,1,1,1
1,1,1,0,1,1,1,1,1,1,1,0,1,1,1,1,1,1
0,1,0,0,0,0,0,0,0,0,1,1,1,1,1,1,1,1
1,1,1,1,1,1,1,0,1,1,1,1,1,1,1,0,1,1
1,1,1,1,1,1,1,1,1,1,1,1,1,1,1,1,1,1
1,1,1,1,1,0,1,1,1,1,1,1,1,0,1,1,1,1
1,1,1,1,1,1,1,1,1,1,1,1,1,1,1,1,1,1
0,1,0,0,0,0,0,0,0,0,1,1,1,1,1,1,1,1
1,1,1,1,0,0,0,0,0,0,1,1,0,0,0,0,0,0
1,1,1,1,1,1,1,1,1,1,1,1,1,1,1,1,1,1
1,1,1,1,1,1,0,1,1,1,1,1,1,1,0,1,1,1
0,1,0,0,0,0,0,0,0,0,1,1,1,1,1,1,1,1
0,1,0,0,0,0,0,0,0,0,1,1,1,1,1,1,1,1
0,1,0,0,0,0,0,0,0,0,1,1,1,1,1,1,1,1
1,1,1,1,0,0,1,0,1,1,1,1,0,0,1,0,1,1
0,1,0,0,0,0,0,0,0,0,1,1,1,1,1,1,1,1
0,1,0,0,0,0,0,0,0,0,1,1,1,1,1,1,1,1
0,1,0,0,0,0,0,0,0,0,1,1,1,1,1,1,1,1
1,1,1,1,1,1,1,1,1,1,1,1,1,1,1,1,1,1
1,1,1,1,1,1,1,1,1,1,1,1,1,1,1,1,1,1
0,1,0,0,0,0,1,0,0,0,1,1,1,1,0,1,1,1
0,1,0,0,0,0,0,0,0,0,1,1,1,1,1,1,1,1
0,1,0,0,0,0,0,0,0,0,1,1,1,1,1,1,1,1
1,1,1,1,1,1,1,1,1,1,1,1,1,1,1,1,1,1
0,1,0,0,0,1,0,0,0,0,1,1,1,0,1,1,1,1
0,1,0,0,0,0,0,0,0,0,1,1,1,1,1,1,1,1
1,2,1,1,1,1,1,1,1,1,1,1,1,1,1,1,1,1
1,2,1,1,1,1,1,1,1,1,1,1,1,1,1,1,1,1
1,2,1,1,1,1,1,1,1,1,1,1,1,1,1,1,1,1
0,2,1,0,0,1,1,0,1,1,0,1,1,0,0,1,0,0
0,2,0,0,0,0,0,0,0,0,1,1,1,1,1,1,1,1
0,2,1,1,1,1,1,0,1,1,0,0,0,0,0,1,0,0
0,2,0,0,0,0,0,0,0,0,1,1,1,1,1,1,1,1
0,2,0,0,0,0,0,0,0,0,1,1,1,1,1,1,1,1
1,2,1,1,1,1,1,1,1,1,1,1,1,1,1,1,1,1
0,2,0,0,0,0,0,0,0,0,1,1,1,1,1,1,1,1
1,2,1,0,1,1,1,0,1,1,1,0,1,1,1,0,1,1
1,2,1,1,1,1,1,1,1,1,1,1,1,1,1,1,1,1
0,2,0,0,0,0,0,0,0,0,1,1,1,1,1,1,1,1
1,2,1,1,1,1,1,1,1,1,1,1,1,1,1,1,1,1
0,2,1,0,1,1,0,0,0,0,0,1,0,0,1,1,1,1
0,2,0,0,0,0,0,0,0,0,1,1,1,1,1,1,1,1
1,2,1,1,1,0,1,1,1,1,1,1,1,0,1,1,1,1
1,2,1,1,1,1,1,1,1,1,1,1,1,1,1,1,1,1
0,2,0,0,0,0,0,0,0,0,1,1,1,1,1,1,1,1
0,2,0,1,0,0,0,0,0,0,1,0,1,1,1,1,1,1
0,2,1,1,1,1,1,0,1,1,0,0,0,0,0,1,0,0
0,2,0,0,0,0,0,0,1,0,1,1,1,1,1,1,0,1
0,2,0,0,0,0,0,0,0,0,1,1,1,1,1,1,1,1
0,2,0,0,0,0,0,0,0,0,1,1,1,1,1,1,1,1
1,2,1,1,1,1,1,1,1,1,1,1,1,1,1,1,1,1
1,2,1,1,1,1,1,1,1,1,1,1,1,1,1,1,1,1
0,2,0,0,0,0,0,0,0,0,1,1,1,1,1,1,1,1
0,2,1,0,0,0,0,1,0,0,0,1,1,1,1,0,1,1
1,2,1,1,0,0,1,1,0,1,1,1,0,0,1,1,0,1
0,2,0,0,0,0,0,0,0,0,1,1,1,1,1,1,1,1
0,2,0,0,0,0,0,0,0,0,1,1,1,1,1,1,1,1
1,2,1,1,1,1,1,0,1,1,1,1,1,1,1,0,1,1
1,2,0,1,0,0,0,0,0,0,0,1,0,0,0,0,0,0
0,2,1,1,1,1,1,0,1,1,0,0,0,0,0,1,0,0
0,2,0,0,0,0,0,0,0,0,1,1,1,1,1,1,1,1
1,2,1,1,1,1,1,1,1,1,1,1,1,1,1,1,1,1
0,2,1,0,0,1,1,1,1,1,0,1,1,0,0,0,0,0
1,2,1,1,1,1,1,1,1,1,1,1,1,1,1,1,1,1
1,2,0,1,1,1,1,1,1,1,0,1,1,1,1,1,1,1
1,2,1,1,1,1,1,0,1,1,1,1,1,1,1,0,1,1
0,2,0,0,0,0,0,0,1,0,1,1,1,1,1,1,0,1
1,2,1,1,1,1,1,0,0,1,1,1,1,1,1,0,0,1
1,2,1,1,0,0,1,0,1,1,1,1,0,0,1,0,1,1
1,2,1,1,1,1,1,1,1,1,1,1,1,1,1,1,1,1
1,2,1,1,1,1,1,1,1,1,1,1,1,1,1,1,1,1
0,2,1,0,1,1,0,0,1,1,0,1,0,0,1,1,0,0
0,2,0,0,0,0,0,0,0,0,1,1,1,1,1,1,1,1
1,2,1,1,1,1,1,1,1,1,1,1,1,1,1,1,1,1
0,2,0,0,0,0,0,0,0,0,1,1,1,1,1,1,1,1
1,2,1,1,1,1,1,1,1,1,1,1,1,1,1,1,1,1
0,2,1,0,0,0,1,0,0,0,0,1,1,1,0,1,1,1
1,2,1,1,1,1,1,1,1,1,1,1,1,1,1,1,1,1
1,2,0,1,1,1,1,1,1,1,0,1,1,1,1,1,1,1
1,2,1,1,1,1,1,1,1,1,1,1,1,1,1,1,1,1
1,2,1,1,1,1,1,1,1,1,1,1,1,1,1,1,1,1
1,2,1,0,0,0,0,0,0,0,1,0,0,0,0,0,0,0
1,2,1,1,1,1,1,1,1,1,1,1,1,1,1,1,1,1
0,2,0,1,1,1,0,1,1,1,1,0,0,0,1,0,0,0
1,2,1,1,1,1,1,1,1,1,1,1,1,1,1,1,1,1
1,2,1,1,1,1,1,1,1,1,1,1,1,1,1,1,1,1
1,2,1,1,1,1,1,1,1,1,1,1,1,1,1,1,1,1
1,2,0,1,0,0,0,0,1,0,0,1,0,0,0,0,1,0
0,2,0,0,0,0,0,0,0,0,1,1,1,1,1,1,1,1
0,2,0,0,0,0,0,0,0,0,1,1,1,1,1,1,1,1
1,2,1,1,1,1,1,1,1,1,1,1,1,1,1,1,1,1
1,2,1,1,1,1,1,1,1,1,1,1,1,1,1,1,1,1
0,2,0,0,0,0,0,0,0,0,1,1,1,1,1,1,1,1
0,2,0,0,0,0,0,0,0,0,1,1,1,1,1,1,1,1
0,2,0,0,0,0,0,0,0,0,1,1,1,1,1,1,1,1
0,2,0,0,0,0,0,0,0,0,1,1,1,1,1,1,1,1
1,2,0,0,0,0,0,0,0,0,0,0,0,0,0,0,0,0
1,2,1,1,1,1,1,1,1,1,1,1,1,1,1,1,1,1
0,2,0,0,0,0,0,0,0,0,1,1,1,1,1,1,1,1
0,2,0,0,0,0,0,0,0,0,1,1,1,1,1,1,1,1
1,2,1,1,1,1,1,0,1,1,1,1,1,1,1,0,1,1
0,2,0,0,0,0,0,0,0,0,1,1,1,1,1,1,1,1
1,2,1,1,1,0,1,0,1,1,1,1,1,0,1,0,1,1
1,2,1,0,1,1,1,0,1,1,1,0,1,1,1,0,1,1
1,2,1,1,1,1,1,1,1,1,1,1,1,1,1,1,1,1
0,2,1,0,0,0,0,0,0,0,0,1,1,1,1,1,1,1
0,2,0,0,0,0,0,0,0,0,1,1,1,1,1,1,1,1
0,2,0,0,0,0,0,1,0,0,1,1,1,1,1,0,1,1
1,2,1,1,0,0,1,0,0,0,1,1,0,0,1,0,0,0
1,2,1,1,1,1,1,1,1,1,1,1,1,1,1,1,1,1
1,2,1,1,1,1,1,1,1,1,1,1,1,1,1,1,1,1
0,2,0,0,0,0,0,0,0,0,1,1,1,1,1,1,1,1
1,2,1,1,1,0,1,1,1,1,1,1,1,0,1,1,1,1
0,2,0,0,0,0,0,0,0,0,1,1,1,1,1,1,1,1
0,2,0,0,0,0,0,0,0,0,1,1,1,1,1,1,1,1
1,2,1,1,1,1,1,1,1,1,1,1,1,1,1,1,1,1
0,2,0,0,0,1,1,0,1,0,1,1,1,0,0,1,0,1
0,2,0,0,0,0,0,0,0,0,1,1,1,1,1,1,1,1
0,2,1,1,0,0,1,1,0,1,0,0,1,1,0,0,1,0
1,2,1,1,1,1,1,1,1,1,1,1,1,1,1,1,1,1
1,2,0,1,1,1,1,0,1,1,0,1,1,1,1,0,1,1
0,2,0,0,0,0,0,0,0,0,1,1,1,1,1,1,1,1
0,2,0,0,0,0,0,0,0,0,1,1,1,1,1,1,1,1
1,2,1,1,1,1,1,1,1,1,1,1,1,1,1,1,1,1
0,2,0,0,0,0,0,0,0,0,1,1,1,1,1,1,1,1
1,2,1,1,1,1,1,1,1,1,1,1,1,1,1,1,1,1
1,2,1,1,1,1,1,0,1,1,1,1,1,1,1,0,1,1
1,2,1,1,1,1,1,1,1,1,1,1,1,1,1,1,1,1
0,2,0,0,0,0,0,0,0,0,1,1,1,1,1,1,1,1
1,2,1,1,1,1,1,1,1,1,1,1,1,1,1,1,1,1
1,2,1,1,1,1,1,1,1,1,1,1,1,1,1,1,1,1
1,2,1,1,1,1,1,1,1,1,1,1,1,1,1,1,1,1
1,2,1,1,1,0,1,1,1,1,1,1,1,0,1,1,1,1
0,2,0,0,0,0,0,0,0,0,1,1,1,1,1,1,1,1
1,2,0,0,0,0,0,0,0,0,0,0,0,0,0,0,0,0
1,2,0,0,0,0,0,0,1,0,0,0,0,0,0,0,1,0
0,2,0,0,0,0,0,0,1,0,1,1,1,1,1,1,0,1
0,2,0,0,0,0,0,0,0,0,1,1,1,1,1,1,1,1
1,2,1,1,1,1,1,1,1,1,1,1,1,1,1,1,1,1
1,2,1,1,1,1,1,1,1,1,1,1,1,1,1,1,1,1
1,2,1,1,1,1,1,0,1,1,1,1,1,1,1,0,1,1
1,2,1,1,1,1,1,1,1,1,1,1,1,1,1,1,1,1
0,2,0,0,0,0,0,0,0,0,1,1,1,1,1,1,1,1
1,2,1,1,1,1,1,1,1,1,1,1,1,1,1,1,1,1
1,2,1,1,1,1,1,1,1,1,1,1,1,1,1,1,1,1
1,2,1,1,1,1,1,1,1,1,1,1,1,1,1,1,1,1
0,2,1,1,1,1,1,1,1,1,0,0,0,0,0,0,0,0
0,2,0,0,0,0,0,0,0,0,1,1,1,1,1,1,1,1
1,2,1,1,1,0,1,1,1,1,1,1,1,0,1,1,1,1
0,2,0,0,0,0,1,0,0,0,1,1,1,1,0,1,1,1
0,2,0,0,0,0,0,0,0,0,1,1,1,1,1,1,1,1
1,2,1,1,1,1,1,1,1,1,1,1,1,1,1,1,1,1
0,2,0,0,0,0,0,0,0,0,1,1,1,1,1,1,1,1
0,2,0,0,0,0,0,0,0,0,1,1,1,1,1,1,1,1
1,2,1,1,1,1,1,1,1,1,1,1,1,1,1,1,1,1
1,2,1,1,1,1,1,1,1,1,1,1,1,1,1,1,1,1
0,2,0,0,0,0,0,0,0,0,1,1,1,1,1,1,1,1
0,2,0,0,0,0,0,0,0,0,1,1,1,1,1,1,1,1
1,2,1,1,1,1,1,1,1,1,1,1,1,1,1,1,1,1
0,2,0,0,0,0,0,0,0,0,1,1,1,1,1,1,1,1
0,2,0,0,0,0,0,0,0,0,1,1,1,1,1,1,1,1
0,2,0,0,0,1,0,0,0,0,1,1,1,0,1,1,1,1
1,2,1,1,1,0,1,1,1,1,1,1,1,0,1,1,1,1
0,2,0,0,0,0,1,0,0,0,1,1,1,1,0,1,1,1
0,2,0,0,0,0,0,0,0,0,1,1,1,1,1,1,1,1
0,2,0,0,0,0,0,0,0,0,1,1,1,1,1,1,1,1
0,2,0,0,0,0,0,0,0,0,1,1,1,1,1,1,1,1
1,2,1,1,1,1,1,1,1,1,1,1,1,1,1,1,1,1
1,2,1,1,1,1,1,0,1,1,1,1,1,1,1,0,1,1
1,2,1,1,1,1,1,1,1,1,1,1,1,1,1,1,1,1
0,2,0,1,0,0,1,0,1,0,1,0,1,1,0,1,0,1
0,2,0,0,0,0,0,0,0,0,1,1,1,1,1,1,1,1
0,2,0,0,0,0,0,0,0,0,1,1,1,1,1,1,1,1
0,2,0,0,0,0,0,0,0,0,1,1,1,1,1,1,1,1
1,2,1,1,1,1,1,1,1,1,1,1,1,1,1,1,1,1
0,2,0,1,1,1,1,1,1,1,1,0,0,0,0,0,0,0
0,2,1,0,0,0,0,0,0,0,0,1,1,1,1,1,1,1
1,2,1,1,1,1,1,0,1,1,1,1,1,1,1,0,1,1
1,2,1,1,1,1,1,1,1,1,1,1,1,1,1,1,1,1
0,2,1,0,0,1,0,0,0,0,0,1,1,0,1,1,1,1
0,2,1,1,1,1,1,1,1,1,0,0,0,0,0,0,0,0
1,2,1,1,1,1,1,1,1,1,1,1,1,1,1,1,1,1
0,2,0,0,0,0,0,0,0,0,1,1,1,1,1,1,1,1
0,2,0,0,0,0,0,0,0,0,1,1,1,1,1,1,1,1
0,2,0,0,0,0,0,0,0,0,1,1,1,1,1,1,1,1
1,2,1,0,0,1,0,0,0,0,1,0,0,1,0,0,0,0
0,2,1,0,0,0,1,0,0,0,0,1,1,1,0,1,1,1
0,2,1,0,1,1,1,0,1,1,0,1,0,0,0,1,0,0
0,2,0,0,0,0,0,0,0,0,1,1,1,1,1,1,1,1
1,2,1,1,1,0,1,1,1,1,1,1,1,0,1,1,1,1
1,2,1,1,1,1,1,1,1,1,1,1,1,1,1,1,1,1
1,2,1,1,1,1,1,1,1,1,1,1,1,1,1,1,1,1
1,2,1,1,1,1,1,1,1,1,1,1,1,1,1,1,1,1
0,2,0,0,0,0,0,0,0,0,1,1,1,1,1,1,1,1
0,2,0,0,0,0,0,0,0,0,1,1,1,1,1,1,1,1
0,2,1,1,1,1,1,0,1,1,0,0,0,0,0,1,0,0
1,2,1,1,1,1,1,1,1,1,1,1,1,1,1,1,1,1
1,2,1,1,1,1,1,1,1,1,1,1,1,1,1,1,1,1
0,2,0,0,0,0,0,0,0,0,1,1,1,1,1,1,1,1
0,2,0,0,0,0,0,0,0,0,1,1,1,1,1,1,1,1
1,2,1,1,1,1,1,1,1,1,1,1,1,1,1,1,1,1
1,2,0,1,1,1,1,1,1,1,0,1,1,1,1,1,1,1
1,2,1,1,1,1,1,1,1,1,1,1,1,1,1,1,1,1
0,2,0,0,0,0,0,0,0,0,1,1,1,1,1,1,1,1
0,2,0,0,0,0,0,0,0,0,1,1,1,1,1,1,1,1
0,2,0,0,0,0,0,0,0,0,1,1,1,1,1,1,1,1
1,2,1,1,1,1,1,1,1,1,1,1,1,1,1,1,1,1
0,2,0,0,1,1,0,0,0,0,1,1,0,0,1,1,1,1
0,2,0,0,0,0,0,0,0,0,1,1,1,1,1,1,1,1
1,2,1,1,1,1,1,1,1,1,1,1,1,1,1,1,1,1
1,2,1,1,1,1,1,1,1,1,1,1,1,1,1,1,1,1
1,2,1,1,1,1,1,0,1,1,1,1,1,1,1,0,1,1
1,2,0,0,0,0,0,0,0,0,0,0,0,0,0,0,0,0
0,2,0,0,0,0,0,0,0,0,1,1,1,1,1,1,1,1
1,2,1,1,1,1,1,1,1,1,1,1,1,1,1,1,1,1
1,2,0,0,1,1,0,0,1,0,0,0,1,1,0,0,1,0
1,2,1,1,1,1,1,1,1,1,1,1,1,1,1,1,1,1
1,2,1,1,1,1,1,1,1,1,1,1,1,1,1,1,1,1
0,2,0,0,0,0,0,0,0,0,1,1,1,1,1,1,1,1
0,2,0,0,0,0,0,0,0,0,1,1,1,1,1,1,1,1
1,2,1,1,1,1,1,1,1,1,1,1,1,1,1,1,1,1
1,2,1,1,1,1,1,1,1,1,1,1,1,1,1,1,1,1
0,2,0,0,1,0,0,0,1,0,1,1,0,1,1,1,0,1
0,2,0,0,0,0,0,0,0,0,1,1,1,1,1,1,1,1
0,2,1,0,0,0,0,0,0,0,0,1,1,1,1,1,1,1
1,2,1,1,1,1,1,1,1,1,1,1,1,1,1,1,1,1
0,2,0,0,0,0,0,0,0,0,1,1,1,1,1,1,1,1
1,2,0,1,0,0,1,1,1,1,0,1,0,0,1,1,1,1
1,2,1,1,1,1,1,1,1,1,1,1,1,1,1,1,1,1
0,2,0,0,0,0,0,0,0,0,1,1,1,1,1,1,1,1
0,2,0,0,0,0,0,0,0,0,1,1,1,1,1,1,1,1
0,2,1,0,0,0,1,0,0,0,0,1,1,1,0,1,1,1
1,2,1,1,1,1,1,1,1,1,1,1,1,1,1,1,1,1
0,2,0,0,0,0,0,0,0,0,1,1,1,1,1,1,1,1
0,2,0,0,0,0,0,0,0,0,1,1,1,1,1,1,1,1
0,2,0,0,0,0,0,0,0,0,1,1,1,1,1,1,1,1
1,2,1,1,1,1,0,0,1,1,1,1,1,1,0,0,1,1
0,2,0,0,0,1,0,0,0,0,1,1,1,0,1,1,1,1
1,2,1,1,0,0,1,1,0,1,1,1,0,0,1,1,0,1
1,2,0,0,1,1,0,0,1,0,0,0,1,1,0,0,1,0
0,2,0,0,1,1,0,0,0,0,1,1,0,0,1,1,1,1
1,2,0,0,0,0,0,0,0,0,0,0,0,0,0,0,0,0
1,2,1,1,1,1,1,1,1,1,1,1,1,1,1,1,1,1
0,2,0,0,0,0,0,0,0,0,1,1,1,1,1,1,1,1
0,2,0,1,0,0,0,0,0,0,1,0,1,1,1,1,1,1
1,2,1,1,1,1,1,1,1,1,1,1,1,1,1,1,1,1
0,2,1,1,0,0,1,1,0,1,0,0,1,1,0,0,1,0
0,2,0,0,0,0,0,0,0,0,1,1,1,1,1,1,1,1
0,2,0,0,0,0,0,0,0,0,1,1,1,1,1,1,1,1
1,2,1,1,1,1,1,0,1,1,1,1,1,1,1,0,1,1
1,2,1,1,1,1,1,1,1,1,1,1,1,1,1,1,1,1
1,2,0,0,0,0,1,0,0,0,0,0,0,0,1,0,0,0
0,2,0,0,0,0,0,0,0,0,1,1,1,1,1,1,1,1
1,2,1,1,1,1,1,1,1,1,1,1,1,1,1,1,1,1
0,2,0,0,0,0,0,0,0,0,1,1,1,1,1,1,1,1
0,2,0,0,0,0,0,0,0,0,1,1,1,1,1,1,1,1
0,3,0,0,0,1,0,0,0,0,1,1,1,0,1,1,1,1
1,3,1,1,1,1,1,1,1,1,1,1,1,1,1,1,1,1
0,3,0,0,0,0,0,0,0,0,1,1,1,1,1,1,1,1
0,3,0,0,0,0,0,0,0,0,1,1,1,1,1,1,1,1
0,3,0,0,0,0,0,0,0,0,1,1,1,1,1,1,1,1
1,3,0,1,1,1,1,1,1,1,0,1,1,1,1,1,1,1
0,3,0,0,0,0,0,0,0,0,1,1,1,1,1,1,1,1
1,3,1,1,1,1,1,1,1,1,1,1,1,1,1,1,1,1
1,3,1,1,1,1,1,1,1,1,1,1,1,1,1,1,1,1
0,3,0,0,0,0,0,0,0,0,1,1,1,1,1,1,1,1
0,3,0,0,0,0,0,0,0,0,1,1,1,1,1,1,1,1
0,3,0,0,0,0,0,0,0,0,1,1,1,1,1,1,1,1
1,3,1,1,1,1,1,1,1,1,1,1,1,1,1,1,1,1
0,3,0,0,0,0,0,0,0,0,1,1,1,1,1,1,1,1
1,3,0,1,1,1,1,0,1,1,0,1,1,1,1,0,1,1
0,3,1,1,1,1,1,1,1,1,0,0,0,0,0,0,0,0
1,3,1,1,1,1,1,1,1,1,1,1,1,1,1,1,1,1
0,3,0,0,0,0,0,0,0,0,1,1,1,1,1,1,1,1
0,3,1,0,1,1,1,0,0,1,0,1,0,0,0,1,1,0
1,3,1,1,1,1,1,1,1,1,1,1,1,1,1,1,1,1
0,3,1,0,0,0,1,0,0,0,0,1,1,1,0,1,1,1
0,3,0,0,0,0,0,0,0,0,1,1,1,1,1,1,1,1
1,3,1,1,1,1,1,1,1,1,1,1,1,1,1,1,1,1
0,3,0,0,0,0,1,0,0,0,1,1,1,1,0,1,1,1
0,3,0,0,0,0,0,0,0,0,1,1,1,1,1,1,1,1
1,3,1,1,1,1,1,1,1,1,1,1,1,1,1,1,1,1
0,3,0,0,0,0,0,0,0,0,1,1,1,1,1,1,1,1
0,3,1,1,1,0,1,0,1,1,0,0,0,1,0,1,0,0
0,3,0,0,0,0,0,0,0,0,1,1,1,1,1,1,1,1
0,3,0,0,0,0,0,0,0,0,1,1,1,1,1,1,1,1
0,3,0,0,0,0,0,0,0,0,1,1,1,1,1,1,1,1
1,3,1,1,1,1,1,1,1,1,1,1,1,1,1,1,1,1
1,3,1,1,1,1,1,1,1,1,1,1,1,1,1,1,1,1
0,3,0,0,0,0,0,0,0,0,1,1,1,1,1,1,1,1
0,3,0,0,0,0,0,0,1,0,1,1,1,1,1,1,0,1
0,3,0,0,0,0,0,0,0,0,1,1,1,1,1,1,1,1
1,3,1,1,1,1,1,1,1,1,1,1,1,1,1,1,1,1
0,3,1,0,0,0,0,0,0,0,0,1,1,1,1,1,1,1
0,3,0,0,0,0,0,0,0,0,1,1,1,1,1,1,1,1
1,3,1,1,1,1,1,1,1,1,1,1,1,1,1,1,1,1
0,3,0,0,0,0,0,0,0,0,1,1,1,1,1,1,1,1
0,3,0,0,0,0,0,0,0,0,1,1,1,1,1,1,1,1
0,3,0,0,0,0,0,0,0,0,1,1,1,1,1,1,1,1
1,3,1,1,1,1,1,1,1,1,1,1,1,1,1,1,1,1
1,3,1,1,1,1,1,1,1,1,1,1,1,1,1,1,1,1
0,3,0,0,0,0,0,0,0,0,1,1,1,1,1,1,1,1
1,3,1,1,1,1,1,1,1,1,1,1,1,1,1,1,1,1
1,3,1,1,1,1,1,1,1,1,1,1,1,1,1,1,1,1
1,3,1,1,1,1,1,1,1,1,1,1,1,1,1,1,1,1
1,3,1,1,1,1,1,0,1,1,1,1,1,1,1,0,1,1
1,3,1,0,1,0,1,1,1,1,1,0,1,0,1,1,1,1
1,3,1,1,1,1,1,1,1,1,1,1,1,1,1,1,1,1
0,3,0,0,0,0,0,0,0,0,1,1,1,1,1,1,1,1
0,3,1,1,1,1,1,1,1,1,0,0,0,0,0,0,0,0
1,3,1,1,1,1,1,1,1,1,1,1,1,1,1,1,1,1
1,3,0,0,0,0,0,0,0,0,0,0,0,0,0,0,0,0
0,3,1,0,0,0,1,0,0,0,0,1,1,1,0,1,1,1
0,3,0,0,0,0,0,0,0,0,1,1,1,1,1,1,1,1
0,3,0,0,0,0,0,0,0,0,1,1,1,1,1,1,1,1
0,3,0,0,0,0,0,0,0,0,1,1,1,1,1,1,1,1
1,3,0,1,0,0,1,0,0,0,0,1,0,0,1,0,0,0
1,3,1,1,1,1,1,1,1,1,1,1,1,1,1,1,1,1
0,3,0,0,0,0,0,0,0,0,1,1,1,1,1,1,1,1
1,3,1,1,1,1,1,1,1,1,1,1,1,1,1,1,1,1
0,3,0,0,0,0,0,0,0,0,1,1,1,1,1,1,1,1
0,3,0,0,0,0,0,0,0,0,1,1,1,1,1,1,1,1
1,3,1,1,1,1,1,1,1,1,1,1,1,1,1,1,1,1
1,3,1,1,1,1,1,0,1,1,1,1,1,1,1,0,1,1
0,3,0,0,0,0,0,0,0,0,1,1,1,1,1,1,1,1
1,3,1,1,1,1,1,1,1,1,1,1,1,1,1,1,1,1
0,3,0,0,0,0,1,0,0,0,1,1,1,1,0,1,1,1
0,3,0,0,0,0,0,0,0,0,1,1,1,1,1,1,1,1
0,3,0,0,0,0,0,0,0,0,1,1,1,1,1,1,1,1
0,3,0,0,0,0,0,0,0,0,1,1,1,1,1,1,1,1
0,3,0,0,0,0,0,0,0,0,1,1,1,1,1,1,1,1
1,3,1,1,1,1,1,1,1,1,1,1,1,1,1,1,1,1
1,3,0,1,1,1,1,0,1,1,0,1,1,1,1,0,1,1
0,3,0,0,0,0,0,0,0,0,1,1,1,1,1,1,1,1
0,3,0,0,0,0,0,0,0,0,1,1,1,1,1,1,1,1
1,3,1,1,1,1,1,1,1,1,1,1,1,1,1,1,1,1
1,3,1,1,1,1,1,0,1,1,1,1,1,1,1,0,1,1
1,3,1,1,1,1,1,1,1,1,1,1,1,1,1,1,1,1
1,3,1,1,1,1,1,1,1,1,1,1,1,1,1,1,1,1
0,3,1,0,0,0,1,0,0,0,0,1,1,1,0,1,1,1
0,3,0,0,0,0,0,0,0,0,1,1,1,1,1,1,1,1
0,3,0,0,0,0,0,0,0,0,1,1,1,1,1,1,1,1
1,3,1,1,1,1,1,1,1,1,1,1,1,1,1,1,1,1
0,3,0,0,0,0,0,0,0,0,1,1,1,1,1,1,1,1
1,3,1,0,1,0,1,1,1,1,1,0,1,0,1,1,1,1
0,3,0,0,0,0,0,0,0,0,1,1,1,1,1,1,1,1
1,3,1,1,1,1,1,1,1,1,1,1,1,1,1,1,1,1
1,3,1,1,1,1,1,0,1,1,1,1,1,1,1,0,1,1
1,3,1,1,1,1,1,1,1,1,1,1,1,1,1,1,1,1
0,3,0,0,0,0,0,0,0,0,1,1,1,1,1,1,1,1
0,3,0,0,0,0,0,0,0,0,1,1,1,1,1,1,1,1
1,3,1,1,1,1,1,1,1,1,1,1,1,1,1,1,1,1
0,3,0,0,0,0,1,0,0,0,1,1,1,1,0,1,1,1
0,3,0,0,0,0,0,0,0,0,1,1,1,1,1,1,1,1
1,3,1,1,1,1,1,1,1,1,1,1,1,1,1,1,1,1
0,3,0,0,0,1,0,0,1,0,1,1,1,0,1,1,0,1
1,3,1,1,1,1,1,1,1,1,1,1,1,1,1,1,1,1
0,3,0,0,0,0,0,0,0,0,1,1,1,1,1,1,1,1
0,3,0,0,0,0,0,0,0,0,1,1,1,1,1,1,1,1
0,3,0,0,0,0,0,0,0,0,1,1,1,1,1,1,1,1
0,3,0,0,0,0,1,0,0,0,1,1,1,1,0,1,1,1
1,3,1,1,1,1,1,0,1,1,1,1,1,1,1,0,1,1
1,3,0,0,0,1,0,0,0,0,0,0,0,1,0,0,0,0
0,3,0,0,0,0,0,0,0,0,1,1,1,1,1,1,1,1
0,3,0,0,0,0,0,0,0,0,1,1,1,1,1,1,1,1
0,3,0,0,0,1,1,0,1,0,1,1,1,0,0,1,0,1
1,3,1,1,1,1,1,1,1,1,1,1,1,1,1,1,1,1
0,3,0,0,0,0,0,0,0,0,1,1,1,1,1,1,1,1
0,3,0,0,0,0,0,0,0,0,1,1,1,1,1,1,1,1
1,3,1,1,1,1,1,1,1,1,1,1,1,1,1,1,1,1
0,3,0,0,0,0,0,0,0,0,1,1,1,1,1,1,1,1
0,3,0,0,0,0,0,0,0,0,1,1,1,1,1,1,1,1
0,3,0,0,0,0,0,0,0,0,1,1,1,1,1,1,1,1
0,3,0,0,0,1,1,0,0,0,1,1,1,0,0,1,1,1
1,3,1,0,1,1,1,0,1,1,1,0,1,1,1,0,1,1
1,3,1,1,1,1,1,0,1,1,1,1,1,1,1,0,1,1
0,3,0,1,1,1,0,1,1,1,1,0,0,0,1,0,0,0
0,3,0,0,0,0,0,0,0,0,1,1,1,1,1,1,1,1
0,3,0,0,0,0,0,0,0,0,1,1,1,1,1,1,1,1
0,3,0,0,0,0,0,0,0,0,1,1,1,1,1,1,1,1
1,3,1,1,1,1,1,1,1,1,1,1,1,1,1,1,1,1
0,3,0,0,0,0,0,0,0,0,1,1,1,1,1,1,1,1
1,3,0,1,1,1,1,1,1,1,0,1,1,1,1,1,1,1
0,3,0,0,0,0,0,0,0,0,1,1,1,1,1,1,1,1
0,3,0,0,0,0,0,0,0,0,1,1,1,1,1,1,1,1
1,3,1,1,1,1,1,1,1,1,1,1,1,1,1,1,1,1
0,3,0,0,0,0,0,0,0,0,1,1,1,1,1,1,1,1
0,3,0,0,0,0,0,0,0,0,1,1,1,1,1,1,1,1
0,3,1,1,1,1,1,0,1,1,0,0,0,0,0,1,0,0
1,3,1,1,1,1,1,1,1,1,1,1,1,1,1,1,1,1
0,3,0,0,0,0,0,0,0,0,1,1,1,1,1,1,1,1
0,3,0,0,0,0,0,0,0,0,1,1,1,1,1,1,1,1
1,3,1,1,1,1,1,1,1,1,1,1,1,1,1,1,1,1
0,3,0,0,0,0,0,0,0,0,1,1,1,1,1,1,1,1
0,3,1,0,1,1,1,1,0,1,0,1,0,0,0,0,1,0
1,3,1,1,1,1,1,1,1,1,1,1,1,1,1,1,1,1
0,3,0,0,0,0,0,0,0,0,1,1,1,1,1,1,1,1
0,3,0,0,0,0,0,0,0,0,1,1,1,1,1,1,1,1
0,3,0,0,0,0,0,0,0,0,1,1,1,1,1,1,1,1
1,3,1,1,1,1,1,1,1,1,1,1,1,1,1,1,1,1
0,3,0,0,0,0,0,0,0,0,1,1,1,1,1,1,1,1
1,3,0,1,0,0,1,0,0,0,0,1,0,0,1,0,0,0
1,3,1,1,1,1,1,1,1,1,1,1,1,1,1,1,1,1
0,3,0,0,0,0,0,0,0,0,1,1,1,1,1,1,1,1
0,3,0,0,0,0,0,0,0,0,1,1,1,1,1,1,1,1
1,3,1,1,1,1,1,1,1,1,1,1,1,1,1,1,1,1
0,3,0,0,0,0,0,0,0,0,1,1,1,1,1,1,1,1
0,3,0,0,0,0,0,0,0,0,1,1,1,1,1,1,1,1
1,3,1,1,1,1,1,1,1,1,1,1,1,1,1,1,1,1
0,3,0,0,0,0,0,0,0,0,1,1,1,1,1,1,1,1
1,3,1,1,1,1,1,1,1,1,1,1,1,1,1,1,1,1
0,3,0,0,0,0,0,0,0,0,1,1,1,1,1,1,1,1
1,3,1,1,1,1,1,1,1,1,1,1,1,1,1,1,1,1
1,3,0,1,0,0,1,0,0,0,0,1,0,0,1,0,0,0
1,3,0,0,0,0,0,0,0,0,0,0,0,0,0,0,0,0
0,3,0,0,0,0,0,0,0,0,1,1,1,1,1,1,1,1
0,3,0,0,0,0,0,0,0,0,1,1,1,1,1,1,1,1
0,3,0,0,0,0,0,0,0,0,1,1,1,1,1,1,1,1
0,3,0,0,0,0,0,0,0,0,1,1,1,1,1,1,1,1
1,3,1,1,1,1,1,1,1,1,1,1,1,1,1,1,1,1
1,3,1,1,1,1,1,1,1,1,1,1,1,1,1,1,1,1
1,3,1,1,1,1,1,1,1,1,1,1,1,1,1,1,1,1
0,3,0,0,0,0,0,0,0,0,1,1,1,1,1,1,1,1
1,3,1,1,1,1,1,1,1,1,1,1,1,1,1,1,1,1
0,3,0,0,0,0,0,0,0,0,1,1,1,1,1,1,1,1
0,3,0,0,0,0,0,0,0,0,1,1,1,1,1,1,1,1
0,3,0,0,0,0,0,0,0,0,1,1,1,1,1,1,1,1
1,3,1,1,1,1,1,1,1,1,1,1,1,1,1,1,1,1
0,3,0,0,0,0,0,0,0,0,1,1,1,1,1,1,1,1
1,3,1,1,1,1,1,1,1,1,1,1,1,1,1,1,1,1
0,3,0,0,0,0,0,0,0,0,1,1,1,1,1,1,1,1
1,3,1,1,1,1,1,1,1,1,1,1,1,1,1,1,1,1
0,3,0,0,0,0,0,0,0,0,1,1,1,1,1,1,1,1
1,3,1,0,0,0,1,0,0,0,1,0,0,0,1,0,0,0
1,3,1,1,1,1,1,1,1,1,1,1,1,1,1,1,1,1
0,3,1,1,1,1,1,1,1,1,0,0,0,0,0,0,0,0
1,3,1,1,1,1,1,1,1,1,1,1,1,1,1,1,1,1
1,3,0,1,1,1,1,1,1,1,0,1,1,1,1,1,1,1
1,3,1,1,1,1,1,0,1,1,1,1,1,1,1,0,1,1
1,3,1,1,1,1,1,0,1,1,1,1,1,1,1,0,1,1
1,3,1,1,0,0,1,0,1,1,1,1,0,0,1,0,1,1
1,3,1,1,1,1,1,1,1,1,1,1,1,1,1,1,1,1
1,3,1,1,1,1,1,1,1,1,1,1,1,1,1,1,1,1
1,3,1,1,1,1,1,1,1,1,1,1,1,1,1,1,1,1
1,3,1,1,1,1,1,1,1,1,1,1,1,1,1,1,1,1
1,3,1,1,1,1,1,1,1,1,1,1,1,1,1,1,1,1
0,3,0,0,0,0,0,0,0,0,1,1,1,1,1,1,1,1
0,3,0,0,0,0,0,0,0,0,1,1,1,1,1,1,1,1
0,3,0,0,0,0,0,0,0,0,1,1,1,1,1,1,1,1
0,3,0,0,0,0,0,0,0,0,1,1,1,1,1,1,1,1
1,3,1,0,0,1,1,0,1,1,1,0,0,1,1,0,1,1
0,3,0,0,0,0,0,0,0,0,1,1,1,1,1,1,1,1
1,3,1,1,1,1,1,1,1,1,1,1,1,1,1,1,1,1
1,3,1,1,1,1,1,1,1,1,1,1,1,1,1,1,1,1
1,3,0,0,0,0,0,0,0,0,0,0,0,0,0,0,0,0
0,3,1,0,0,1,1,0,0,0,0,1,1,0,0,1,1,1
0,3,1,1,1,1,1,1,1,1,0,0,0,0,0,0,0,0
0,3,0,0,0,0,0,0,0,0,1,1,1,1,1,1,1,1
1,3,1,1,1,1,1,1,1,1,1,1,1,1,1,1,1,1
0,3,1,0,0,0,1,0,0,0,0,1,1,1,0,1,1,1
0,3,0,0,0,0,0,1,0,0,1,1,1,1,1,0,1,1
1,3,1,1,1,1,1,1,1,1,1,1,1,1,1,1,1,1
1,3,1,1,1,1,1,1,1,1,1,1,1,1,1,1,1,1
0,3,0,0,0,0,0,0,0,0,1,1,1,1,1,1,1,1
0,3,0,0,0,0,0,0,0,0,1,1,1,1,1,1,1,1
1,3,1,1,1,1,1,1,1,1,1,1,1,1,1,1,1,1
1,3,1,1,1,1,1,0,1,1,1,1,1,1,1,0,1,1
0,3,0,0,0,0,0,0,0,0,1,1,1,1,1,1,1,1
1,3,1,0,0,1,1,0,0,0,1,0,0,1,1,0,0,0
0,3,0,0,0,0,0,0,0,0,1,1,1,1,1,1,1,1
0,3,1,0,0,0,0,0,1,0,0,1,1,1,1,1,0,1
0,3,0,0,0,0,0,0,0,0,1,1,1,1,1,1,1,1
0,3,0,0,0,0,0,0,0,0,1,1,1,1,1,1,1,1
0,3,0,0,0,0,0,0,0,0,1,1,1,1,1,1,1,1
0,3,0,0,0,0,0,0,0,0,1,1,1,1,1,1,1,1
0,3,0,0,0,0,0,0,0,0,1,1,1,1,1,1,1,1
0,3,0,0,0,0,0,0,0,0,1,1,1,1,1,1,1,1
1,3,1,1,1,1,1,1,1,1,1,1,1,1,1,1,1,1
0,3,0,0,0,0,0,0,0,0,1,1,1,1,1,1,1,1
1,3,1,1,1,1,1,1,1,1,1,1,1,1,1,1,1,1
1,3,1,1,1,1,1,1,1,1,1,1,1,1,1,1,1,1
1,3,1,1,1,1,1,0,1,1,1,1,1,1,1,0,1,1
1,3,1,1,1,1,1,0,1,1,1,1,1,1,1,0,1,1
0,3,0,0,0,0,0,0,0,0,1,1,1,1,1,1,1,1
0,3,0,0,0,0,1,0,0,0,1,1,1,1,0,1,1,1
0,3,0,0,0,0,0,0,0,0,1,1,1,1,1,1,1,1
0,4,0,0,0,0,0,0,0,0,1,1,1,1,1,1,1,1
1,4,1,1,1,1,1,1,1,1,1,1,1,1,1,1,1,1
0,4,0,0,0,1,0,0,1,0,1,1,1,0,1,1,0,1
0,4,0,0,0,0,0,0,0,0,1,1,1,1,1,1,1,1
0,4,1,0,1,1,0,0,1,1,0,1,0,0,1,1,0,0
0,4,0,0,0,0,0,0,0,0,1,1,1,1,1,1,1,1
0,4,0,0,0,0,0,0,0,0,1,1,1,1,1,1,1,1
1,4,1,1,1,1,1,1,1,1,1,1,1,1,1,1,1,1
0,4,0,0,0,0,0,0,0,0,1,1,1,1,1,1,1,1
0,4,0,0,0,0,0,0,0,0,1,1,1,1,1,1,1,1
0,4,1,0,0,0,0,0,0,0,0,1,1,1,1,1,1,1
1,4,0,0,1,1,0,1,1,1,0,0,1,1,0,1,1,1
1,4,1,1,0,0,1,0,0,0,1,1,0,0,1,0,0,0
1,4,1,1,1,1,1,1,1,1,1,1,1,1,1,1,1,1
1,4,1,1,1,1,1,0,0,1,1,1,1,1,1,0,0,1
0,4,0,0,0,1,0,0,0,0,1,1,1,0,1,1,1,1
1,4,1,1,1,1,1,1,1,1,1,1,1,1,1,1,1,1
0,4,0,0,0,0,1,0,0,0,1,1,1,1,0,1,1,1
1,4,0,0,0,0,0,0,0,0,0,0,0,0,0,0,0,0
1,4,1,1,1,1,1,1,1,1,1,1,1,1,1,1,1,1
1,4,1,1,1,1,1,0,1,1,1,1,1,1,1,0,1,1
0,4,0,0,0,0,0,0,0,0,1,1,1,1,1,1,1,1
0,4,0,0,0,0,0,1,0,0,1,1,1,1,1,0,1,1
1,4,1,1,1,1,1,1,1,1,1,1,1,1,1,1,1,1
0,4,0,0,0,0,0,0,0,0,1,1,1,1,1,1,1,1
1,4,1,1,1,1,1,1,1,1,1,1,1,1,1,1,1,1
0,4,0,0,0,0,1,0,0,0,1,1,1,1,0,1,1,1
1,4,1,1,1,1,1,0,1,1,1,1,1,1,1,0,1,1
1,4,1,1,1,1,1,1,1,1,1,1,1,1,1,1,1,1
0,4,0,0,0,0,0,0,0,0,1,1,1,1,1,1,1,1
0,4,0,0,0,0,0,0,0,0,1,1,1,1,1,1,1,1
1,4,0,1,0,0,0,1,0,0,0,1,0,0,0,1,0,0
1,4,1,1,1,1,1,1,1,1,1,1,1,1,1,1,1,1
0,4,0,0,1,1,0,0,0,0,1,1,0,0,1,1,1,1
0,4,0,0,0,0,0,0,0,0,1,1,1,1,1,1,1,1
1,4,1,1,1,1,1,1,1,1,1,1,1,1,1,1,1,1
1,4,1,1,1,1,1,1,1,1,1,1,1,1,1,1,1,1
1,4,1,0,1,1,1,0,1,1,1,0,1,1,1,0,1,1
0,4,0,0,0,0,0,0,0,0,1,1,1,1,1,1,1,1
1,4,1,1,1,1,1,1,1,1,1,1,1,1,1,1,1,1
0,4,0,0,0,0,0,0,0,0,1,1,1,1,1,1,1,1
0,4,0,0,0,0,0,0,0,0,1,1,1,1,1,1,1,1
1,4,1,1,1,1,1,1,1,1,1,1,1,1,1,1,1,1
1,4,1,0,1,1,1,0,0,1,1,0,1,1,1,0,0,1
0,4,0,0,0,0,0,0,0,0,1,1,1,1,1,1,1,1
1,4,1,1,1,1,1,0,1,1,1,1,1,1,1,0,1,1
0,4,0,0,0,0,0,0,0,0,1,1,1,1,1,1,1,1
1,4,1,0,1,1,1,0,1,1,1,0,1,1,1,0,1,1
0,4,0,0,0,0,0,0,0,0,1,1,1,1,1,1,1,1
1,4,1,1,1,1,1,1,1,1,1,1,1,1,1,1,1,1
1,4,1,0,1,1,1,0,0,1,1,0,1,1,1,0,0,1
0,4,0,0,0,0,0,0,0,0,1,1,1,1,1,1,1,1
0,4,0,0,0,0,0,0,0,0,1,1,1,1,1,1,1,1
1,4,1,1,1,1,1,0,1,1,1,1,1,1,1,0,1,1
0,4,0,0,0,0,0,0,0,0,1,1,1,1,1,1,1,1
0,4,1,0,0,0,0,0,0,0,0,1,1,1,1,1,1,1
1,4,1,1,1,1,1,1,1,1,1,1,1,1,1,1,1,1
0,4,0,0,0,0,0,0,0,0,1,1,1,1,1,1,1,1
0,4,0,0,0,0,0,0,0,0,1,1,1,1,1,1,1,1
0,4,0,0,0,0,0,0,0,0,1,1,1,1,1,1,1,1
0,4,0,0,0,0,0,0,0,0,1,1,1,1,1,1,1,1
1,4,1,1,1,1,1,1,1,1,1,1,1,1,1,1,1,1
1,4,1,1,1,1,1,0,1,1,1,1,1,1,1,0,1,1
1,4,1,1,1,1,0,1,1,1,1,1,1,1,0,1,1,1
0,4,0,0,0,0,0,0,1,0,1,1,1,1,1,1,0,1
0,4,1,0,1,1,1,1,1,1,0,1,0,0,0,0,0,0
1,4,1,0,0,0,1,0,0,0,1,0,0,0,1,0,0,0
1,4,1,1,1,1,1,1,1,1,1,1,1,1,1,1,1,1
0,4,0,0,0,0,0,0,0,0,1,1,1,1,1,1,1,1
1,4,1,0,0,1,0,0,0,0,1,0,0,1,0,0,0,0
0,4,0,0,0,0,0,0,0,0,1,1,1,1,1,1,1,1
1,4,1,1,1,1,1,1,1,1,1,1,1,1,1,1,1,1
0,4,0,0,0,0,0,0,0,0,1,1,1,1,1,1,1,1
1,4,1,1,1,1,1,1,1,1,1,1,1,1,1,1,1,1
0,4,0,0,0,0,0,0,0,0,1,1,1,1,1,1,1,1
0,4,0,0,0,0,0,0,0,0,1,1,1,1,1,1,1,1
0,4,0,0,0,0,0,0,0,0,1,1,1,1,1,1,1,1
1,4,1,1,1,0,1,1,1,1,1,1,1,0,1,1,1,1
0,4,1,0,0,0,0,0,0,0,0,1,1,1,1,1,1,1
0,4,0,0,0,0,0,0,0,0,1,1,1,1,1,1,1,1
0,4,0,0,0,0,0,0,0,0,1,1,1,1,1,1,1,1
0,4,1,1,1,1,1,1,1,1,0,0,0,0,0,0,0,0
0,4,0,0,0,0,0,1,0,0,1,1,1,1,1,0,1,1
0,4,0,0,0,0,0,0,0,0,1,1,1,1,1,1,1,1
0,4,0,0,0,0,0,0,0,0,1,1,1,1,1,1,1,1
1,4,1,1,1,1,1,1,1,1,1,1,1,1,1,1,1,1
0,4,0,0,0,0,0,0,0,0,1,1,1,1,1,1,1,1
1,4,1,1,1,1,1,1,1,1,1,1,1,1,1,1,1,1
0,4,0,0,0,0,0,0,0,0,1,1,1,1,1,1,1,1
1,4,1,1,0,0,1,1,0,1,1,1,0,0,1,1,0,1
0,4,0,0,0,0,0,0,0,0,1,1,1,1,1,1,1,1
0,4,0,0,0,0,0,0,0,0,1,1,1,1,1,1,1,1
1,4,1,1,1,1,1,1,1,1,1,1,1,1,1,1,1,1
0,4,0,0,0,0,0,0,0,0,1,1,1,1,1,1,1,1
1,4,1,1,0,0,1,1,1,1,1,1,0,0,1,1,1,1
0,4,1,1,1,1,1,0,1,1,0,0,0,0,0,1,0,0
0,4,0,0,0,0,0,0,0,0,1,1,1,1,1,1,1,1
1,4,1,1,1,1,0,0,1,1,1,1,1,1,0,0,1,1
0,4,0,0,0,0,0,0,0,0,1,1,1,1,1,1,1,1
0,4,1,1,1,0,1,0,1,1,0,0,0,1,0,1,0,0
1,4,1,1,1,1,1,1,1,1,1,1,1,1,1,1,1,1
1,4,1,1,0,1,1,1,1,1,1,1,0,1,1,1,1,1
0,4,0,0,0,0,0,0,0,0,1,1,1,1,1,1,1,1
1,4,1,1,1,1,1,1,1,1,1,1,1,1,1,1,1,1
0,4,0,0,0,0,0,0,0,0,1,1,1,1,1,1,1,1
1,4,1,1,1,0,1,0,0,1,1,1,1,0,1,0,0,1
1,4,0,1,0,0,1,0,0,0,0,1,0,0,1,0,0,0
1,4,0,1,0,0,1,1,0,0,0,1,0,0,1,1,0,0
0,4,1,0,0,0,1,0,0,0,0,1,1,1,0,1,1,1
0,4,0,0,0,0,0,0,0,0,1,1,1,1,1,1,1,1
1,4,1,1,1,1,1,0,1,1,1,1,1,1,1,0,1,1
1,4,1,1,0,1,1,1,0,1,1,1,0,1,1,1,0,1
0,4,0,0,0,0,0,0,0,0,1,1,1,1,1,1,1,1
1,4,0,1,1,1,1,1,1,1,0,1,1,1,1,1,1,1
0,4,0,0,0,0,0,0,0,0,1,1,1,1,1,1,1,1
1,4,0,1,1,1,0,0,1,1,0,1,1,1,0,0,1,1
1,4,1,1,1,1,1,1,1,1,1,1,1,1,1,1,1,1
1,4,1,1,1,1,1,1,1,1,1,1,1,1,1,1,1,1
0,4,0,0,0,0,0,0,0,0,1,1,1,1,1,1,1,1
0,4,0,0,0,0,0,0,0,0,1,1,1,1,1,1,1,1
1,4,1,1,1,1,1,1,1,1,1,1,1,1,1,1,1,1
0,4,0,0,0,0,0,0,0,0,1,1,1,1,1,1,1,1
1,4,1,1,1,1,1,1,1,1,1,1,1,1,1,1,1,1
0,4,0,0,0,0,0,0,0,0,1,1,1,1,1,1,1,1
0,4,0,0,0,0,0,0,0,0,1,1,1,1,1,1,1,1
0,4,0,0,0,0,0,0,0,0,1,1,1,1,1,1,1,1
1,4,1,0,0,1,0,0,0,0,1,0,0,1,0,0,0,0
0,4,0,0,0,0,0,0,0,0,1,1,1,1,1,1,1,1
1,4,1,1,1,1,1,1,1,1,1,1,1,1,1,1,1,1
0,4,0,0,0,0,0,0,0,0,1,1,1,1,1,1,1,1
1,4,1,1,1,1,1,1,1,1,1,1,1,1,1,1,1,1
1,4,0,0,0,0,1,0,0,0,0,0,0,0,1,0,0,0
0,4,0,0,0,0,0,0,0,0,1,1,1,1,1,1,1,1
0,4,0,0,0,0,0,0,0,0,1,1,1,1,1,1,1,1
0,4,0,0,0,0,0,0,0,0,1,1,1,1,1,1,1,1
1,4,1,1,1,1,1,0,1,1,1,1,1,1,1,0,1,1
1,4,1,1,1,1,1,1,1,1,1,1,1,1,1,1,1,1
1,4,1,1,1,1,1,1,0,1,1,1,1,1,1,1,0,1
0,4,0,0,0,0,0,0,0,0,1,1,1,1,1,1,1,1
0,4,1,0,0,0,1,1,0,0,0,1,1,1,0,0,1,1
0,4,1,0,0,0,1,0,0,0,0,1,1,1,0,1,1,1
0,4,0,0,0,0,1,0,0,0,1,1,1,1,0,1,1,1
0,4,0,0,0,0,0,0,0,0,1,1,1,1,1,1,1,1
0,4,0,0,0,0,0,0,0,0,1,1,1,1,1,1,1,1
0,4,0,0,0,0,0,0,0,0,1,1,1,1,1,1,1,1
1,4,1,1,1,1,1,1,1,1,1,1,1,1,1,1,1,1
1,4,0,0,1,0,1,1,1,1,0,0,1,0,1,1,1,1
1,4,1,1,1,1,1,1,1,1,1,1,1,1,1,1,1,1
0,4,0,0,0,0,0,0,0,0,1,1,1,1,1,1,1,1
0,4,1,0,0,0,0,0,0,0,0,1,1,1,1,1,1,1
1,4,1,1,1,1,1,1,1,1,1,1,1,1,1,1,1,1
1,4,1,1,1,1,1,1,1,1,1,1,1,1,1,1,1,1
1,4,1,1,1,1,1,1,1,1,1,1,1,1,1,1,1,1
0,4,0,0,0,0,1,0,0,0,1,1,1,1,0,1,1,1
1,4,0,0,1,1,0,0,1,0,0,0,1,1,0,0,1,0
0,4,0,0,0,0,1,0,1,0,1,1,1,1,0,1,0,1
0,4,0,0,0,0,0,0,0,0,1,1,1,1,1,1,1,1
1,4,1,1,1,1,1,1,1,1,1,1,1,1,1,1,1,1
0,4,0,0,0,0,0,0,0,0,1,1,1,1,1,1,1,1
0,4,0,0,0,0,0,0,0,0,1,1,1,1,1,1,1,1
0,4,0,0,0,0,1,0,0,0,1,1,1,1,0,1,1,1
0,4,0,0,0,0,0,0,0,0,1,1,1,1,1,1,1,1
0,4,0,0,0,1,0,0,0,0,1,1,1,0,1,1,1,1
0,4,1,0,0,0,0,0,1,0,0,1,1,1,1,1,0,1
0,4,1,0,1,1,0,0,1,1,0,1,0,0,1,1,0,0
0,4,0,0,0,0,0,0,0,0,1,1,1,1,1,1,1,1
1,4,1,1,1,1,1,1,1,1,1,1,1,1,1,1,1,1
0,4,0,0,0,0,0,0,0,0,1,1,1,1,1,1,1,1
1,4,1,1,1,1,1,1,1,1,1,1,1,1,1,1,1,1
1,4,1,1,1,1,1,1,1,1,1,1,1,1,1,1,1,1
0,4,1,0,0,0,1,0,0,0,0,1,1,1,0,1,1,1
0,4,0,0,0,0,0,0,0,0,1,1,1,1,1,1,1,1
0,4,0,0,0,0,0,0,0,0,1,1,1,1,1,1,1,1
0,4,0,0,0,0,0,0,0,0,1,1,1,1,1,1,1,1
1,4,1,0,1,1,1,1,0,1,1,0,1,1,1,1,0,1
0,4,0,0,1,1,0,0,1,0,1,1,0,0,1,1,0,1
0,4,1,1,1,1,1,1,1,1,0,0,0,0,0,0,0,0
0,4,0,0,0,0,0,0,0,0,1,1,1,1,1,1,1,1
0,4,1,1,1,1,1,0,1,1,0,0,0,0,0,1,0,0
1,4,1,1,1,1,1,1,1,1,1,1,1,1,1,1,1,1
1,4,1,1,1,0,1,1,1,1,1,1,1,0,1,1,1,1
1,4,0,1,1,1,1,0,1,1,0,1,1,1,1,0,1,1
1,4,0,0,0,0,0,0,0,0,0,0,0,0,0,0,0,0
1,4,1,1,1,1,1,1,1,1,1,1,1,1,1,1,1,1
1,4,1,1,1,1,1,1,1,1,1,1,1,1,1,1,1,1
1,4,0,0,0,0,0,0,0,0,0,0,0,0,0,0,0,0
1,4,1,1,1,1,1,1,1,1,1,1,1,1,1,1,1,1
0,4,0,0,0,0,0,0,0,0,1,1,1,1,1,1,1,1
0,4,0,0,0,0,0,0,0,0,1,1,1,1,1,1,1,1
1,4,1,1,1,1,1,1,1,1,1,1,1,1,1,1,1,1
0,4,0,0,0,0,0,0,0,0,1,1,1,1,1,1,1,1
1,4,1,0,0,0,0,0,0,0,1,0,0,0,0,0,0,0
1,4,1,1,1,1,1,1,1,1,1,1,1,1,1,1,1,1
1,4,1,1,1,1,1,1,1,1,1,1,1,1,1,1,1,1
0,4,1,0,1,1,0,0,1,1,0,1,0,0,1,1,0,0
0,4,0,0,1,1,0,0,1,0,1,1,0,0,1,1,0,1
0,4,0,0,0,0,0,0,0,0,1,1,1,1,1,1,1,1
0,4,0,0,0,0,0,0,0,0,1,1,1,1,1,1,1,1
1,4,1,1,1,1,1,0,1,1,1,1,1,1,1,0,1,1
0,4,0,0,0,0,0,0,0,0,1,1,1,1,1,1,1,1
1,4,1,1,1,1,1,1,1,1,1,1,1,1,1,1,1,1
1,4,1,1,1,1,1,1,1,1,1,1,1,1,1,1,1,1
1,4,1,1,1,1,1,1,1,1,1,1,1,1,1,1,1,1
0,4,0,1,1,1,0,0,1,1,1,0,0,0,1,1,0,0
1,4,1,1,1,1,1,1,1,1,1,1,1,1,1,1,1,1
1,4,1,1,1,1,1,1,0,1,1,1,1,1,1,1,0,1
1,4,0,0,1,1,0,0,0,0,0,0,1,1,0,0,0,0
0,4,0,0,0,0,0,0,0,0,1,1,1,1,1,1,1,1
1,4,0,0,0,0,0,0,0,0,0,0,0,0,0,0,0,0
0,4,0,0,0,0,0,0,0,0,1,1,1,1,1,1,1,1
1,4,1,1,1,1,1,1,1,1,1,1,1,1,1,1,1,1
1,4,1,1,1,1,1,1,1,1,1,1,1,1,1,1,1,1
1,4,1,1,1,1,1,1,1,1,1,1,1,1,1,1,1,1
0,4,0,0,0,0,0,0,0,0,1,1,1,1,1,1,1,1
0,4,0,0,0,0,0,0,0,0,1,1,1,1,1,1,1,1
1,4,1,1,1,1,1,1,1,1,1,1,1,1,1,1,1,1
0,4,0,0,0,0,0,0,0,0,1,1,1,1,1,1,1,1
0,4,0,0,0,0,1,0,0,0,1,1,1,1,0,1,1,1
1,4,1,1,0,0,0,1,0,0,1,1,0,0,0,1,0,0
0,4,1,1,1,1,1,1,1,1,0,0,0,0,0,0,0,0
1,4,0,1,0,0,1,1,0,0,0,1,0,0,1,1,0,0
0,4,1,0,0,0,0,0,0,0,0,1,1,1,1,1,1,1
0,4,0,0,0,0,0,0,0,0,1,1,1,1,1,1,1,1
1,4,1,0,1,1,1,0,1,1,1,0,1,1,1,0,1,1
1,4,1,1,1,1,1,0,1,1,1,1,1,1,1,0,1,1
0,4,0,0,0,0,0,0,0,0,1,1,1,1,1,1,1,1
0,4,0,0,0,0,0,0,0,0,1,1,1,1,1,1,1,1
1,4,1,1,1,1,1,1,1,1,1,1,1,1,1,1,1,1
1,4,1,1,1,1,1,1,1,1,1,1,1,1,1,1,1,1
0,4,0,0,0,0,0,0,0,0,1,1,1,1,1,1,1,1
1,5,1,1,1,1,1,1,1,1,1,1,1,1,1,1,1,1
0,5,0,0,1,1,0,0,0,0,1,1,0,0,1,1,1,1
0,5,0,0,0,0,0,0,0,0,1,1,1,1,1,1,1,1
0,5,0,0,0,0,0,0,0,0,1,1,1,1,1,1,1,1
0,5,0,0,0,0,0,0,0,0,1,1,1,1,1,1,1,1
0,5,0,0,0,0,0,0,0,0,1,1,1,1,1,1,1,1
0,5,0,0,0,0,0,0,0,0,1,1,1,1,1,1,1,1
0,5,0,0,0,0,0,0,0,0,1,1,1,1,1,1,1,1
1,5,1,1,1,1,1,0,1,1,1,1,1,1,1,0,1,1
1,5,1,1,1,1,1,1,1,1,1,1,1,1,1,1,1,1
0,5,0,0,0,0,0,0,1,0,1,1,1,1,1,1,0,1
0,5,0,0,0,0,0,0,0,0,1,1,1,1,1,1,1,1
0,5,0,1,1,0,1,0,1,1,1,0,0,1,0,1,0,0
0,5,0,0,0,0,0,0,0,0,1,1,1,1,1,1,1,1
0,5,0,0,0,0,0,0,0,0,1,1,1,1,1,1,1,1
1,5,1,1,1,1,1,0,0,1,1,1,1,1,1,0,0,1
0,5,0,0,0,0,0,0,0,0,1,1,1,1,1,1,1,1
0,5,0,0,0,0,0,0,0,0,1,1,1,1,1,1,1,1
1,5,1,1,1,1,1,1,1,1,1,1,1,1,1,1,1,1
1,5,1,1,1,1,1,0,1,1,1,1,1,1,1,0,1,1
0,5,0,0,0,0,0,0,0,0,1,1,1,1,1,1,1,1
1,5,1,1,1,1,1,1,1,1,1,1,1,1,1,1,1,1
0,5,0,0,0,0,0,0,0,0,1,1,1,1,1,1,1,1
1,5,1,1,1,1,1,1,1,1,1,1,1,1,1,1,1,1
1,5,1,1,1,1,1,1,1,1,1,1,1,1,1,1,1,1
1,5,1,1,1,1,1,1,1,1,1,1,1,1,1,1,1,1
1,5,1,1,1,1,1,1,1,1,1,1,1,1,1,1,1,1
0,5,0,0,0,0,0,0,0,0,1,1,1,1,1,1,1,1
1,5,0,1,1,1,1,0,1,1,0,1,1,1,1,0,1,1
1,5,1,1,1,1,1,0,1,1,1,1,1,1,1,0,1,1
0,5,1,1,1,1,1,0,0,1,0,0,0,0,0,1,1,0
0,5,1,1,1,1,1,1,1,1,0,0,0,0,0,0,0,0
0,5,0,0,0,0,0,0,0,0,1,1,1,1,1,1,1,1
0,5,0,0,0,0,0,0,0,0,1,1,1,1,1,1,1,1
1,5,1,1,0,0,0,1,0,0,1,1,0,0,0,1,0,0
0,5,0,0,0,0,0,0,0,0,1,1,1,1,1,1,1,1
1,5,1,1,1,1,1,1,1,1,1,1,1,1,1,1,1,1
0,5,0,0,0,0,0,0,0,0,1,1,1,1,1,1,1,1
1,5,1,1,1,1,1,1,1,1,1,1,1,1,1,1,1,1
0,5,0,0,0,0,0,0,0,0,1,1,1,1,1,1,1,1
0,5,0,0,0,0,0,0,0,0,1,1,1,1,1,1,1,1
1,5,1,1,1,1,1,0,1,1,1,1,1,1,1,0,1,1
1,5,1,0,0,1,1,0,0,0,1,0,0,1,1,0,0,0
0,5,0,1,0,0,0,0,1,0,1,0,1,1,1,1,0,1
0,5,0,0,0,0,0,0,0,0,1,1,1,1,1,1,1,1
1,5,1,1,1,1,1,1,1,1,1,1,1,1,1,1,1,1
0,5,1,1,1,0,1,1,1,1,0,0,0,1,0,0,0,0
1,5,1,1,1,1,1,1,1,1,1,1,1,1,1,1,1,1
1,5,1,1,1,1,1,0,1,1,1,1,1,1,1,0,1,1
1,5,1,1,1,1,1,0,1,1,1,1,1,1,1,0,1,1
0,5,0,0,0,0,0,0,0,0,1,1,1,1,1,1,1,1
1,5,1,1,1,1,1,1,1,1,1,1,1,1,1,1,1,1
0,5,0,0,0,0,0,0,0,0,1,1,1,1,1,1,1,1
0,5,0,0,0,0,0,0,0,0,1,1,1,1,1,1,1,1
0,5,0,0,0,0,0,0,0,0,1,1,1,1,1,1,1,1
0,5,0,0,0,0,0,0,0,0,1,1,1,1,1,1,1,1
0,5,1,0,0,0,1,0,0,0,0,1,1,1,0,1,1,1
1,5,1,1,1,1,1,1,1,1,1,1,1,1,1,1,1,1
0,5,0,0,0,0,0,0,0,0,1,1,1,1,1,1,1,1
0,5,1,0,0,0,0,0,1,0,0,1,1,1,1,1,0,1
1,5,1,1,1,1,1,0,1,1,1,1,1,1,1,0,1,1
1,5,1,1,1,0,1,1,1,1,1,1,1,0,1,1,1,1
0,5,0,0,0,0,0,0,0,0,1,1,1,1,1,1,1,1
0,5,0,0,0,0,0,0,0,0,1,1,1,1,1,1,1,1
0,5,0,0,0,0,0,0,0,0,1,1,1,1,1,1,1,1
1,5,1,1,1,1,1,1,1,1,1,1,1,1,1,1,1,1
1,5,1,1,1,1,1,1,1,1,1,1,1,1,1,1,1,1
1,5,0,1,0,0,1,1,1,1,0,1,0,0,1,1,1,1
0,5,0,0,0,0,0,0,0,0,1,1,1,1,1,1,1,1
0,5,0,0,0,0,0,0,1,0,1,1,1,1,1,1,0,1
1,5,1,1,1,1,1,1,1,1,1,1,1,1,1,1,1,1
0,5,0,0,0,0,0,0,0,0,1,1,1,1,1,1,1,1
1,5,1,1,1,1,1,1,1,1,1,1,1,1,1,1,1,1
0,5,0,0,0,0,0,0,0,0,1,1,1,1,1,1,1,1
0,5,0,0,0,0,0,0,0,0,1,1,1,1,1,1,1,1
0,5,1,0,0,0,1,0,0,0,0,1,1,1,0,1,1,1
1,5,1,1,1,1,1,0,1,1,1,1,1,1,1,0,1,1
1,5,0,1,1,0,0,0,1,0,0,1,1,0,0,0,1,0
1,5,0,1,1,1,1,1,1,1,0,1,1,1,1,1,1,1
0,5,0,0,0,0,0,0,0,0,1,1,1,1,1,1,1,1
1,5,0,0,0,0,0,0,0,0,0,0,0,0,0,0,0,0
1,5,1,1,1,1,1,0,1,1,1,1,1,1,1,0,1,1
1,5,1,1,1,1,1,1,1,1,1,1,1,1,1,1,1,1
0,5,0,0,0,0,0,0,0,0,1,1,1,1,1,1,1,1
1,5,1,1,1,1,1,1,1,1,1,1,1,1,1,1,1,1
1,5,1,1,1,1,1,0,1,1,1,1,1,1,1,0,1,1
1,5,0,0,0,0,0,0,0,0,0,0,0,0,0,0,0,0
0,5,0,0,0,0,0,0,0,0,1,1,1,1,1,1,1,1
1,5,0,0,1,1,0,0,0,0,0,0,1,1,0,0,0,0
1,5,1,1,1,1,1,0,1,1,1,1,1,1,1,0,1,1
0,5,0,0,0,0,0,0,0,0,1,1,1,1,1,1,1,1
0,5,0,0,0,0,0,0,0,0,1,1,1,1,1,1,1,1
1,5,1,1,1,1,1,1,1,1,1,1,1,1,1,1,1,1
0,5,0,0,0,0,0,0,0,0,1,1,1,1,1,1,1,1
1,5,1,1,1,1,1,1,1,1,1,1,1,1,1,1,1,1
0,5,0,0,0,1,0,0,0,0,1,1,1,0,1,1,1,1
1,5,1,0,1,1,1,0,1,1,1,0,1,1,1,0,1,1
1,5,1,1,1,1,1,1,1,1,1,1,1,1,1,1,1,1
0,5,0,0,1,1,0,0,0,0,1,1,0,0,1,1,1,1
0,5,0,0,0,0,0,0,0,0,1,1,1,1,1,1,1,1
0,5,0,0,0,0,0,0,0,0,1,1,1,1,1,1,1,1
0,5,0,0,0,0,0,0,0,0,1,1,1,1,1,1,1,1
1,5,1,1,1,1,1,1,1,1,1,1,1,1,1,1,1,1
1,5,1,1,0,0,1,1,1,1,1,1,0,0,1,1,1,1
1,5,1,1,1,1,1,0,1,1,1,1,1,1,1,0,1,1
1,5,1,1,1,1,1,1,1,1,1,1,1,1,1,1,1,1
0,5,0,0,0,0,0,0,0,0,1,1,1,1,1,1,1,1
1,5,1,1,1,1,1,1,1,1,1,1,1,1,1,1,1,1
0,5,0,0,0,0,0,0,0,0,1,1,1,1,1,1,1,1
0,5,0,0,0,0,0,0,0,0,1,1,1,1,1,1,1,1
1,5,1,1,1,1,1,1,1,1,1,1,1,1,1,1,1,1
1,5,1,1,1,1,1,1,1,1,1,1,1,1,1,1,1,1
1,5,1,1,1,1,1,1,1,1,1,1,1,1,1,1,1,1
0,5,0,0,0,0,0,0,0,0,1,1,1,1,1,1,1,1
1,5,1,1,1,1,1,1,1,1,1,1,1,1,1,1,1,1
0,5,0,0,0,0,0,0,0,0,1,1,1,1,1,1,1,1
1,5,1,1,1,1,1,1,0,1,1,1,1,1,1,1,0,1
0,5,0,0,0,0,0,0,0,0,1,1,1,1,1,1,1,1
0,5,0,0,0,0,0,0,0,0,1,1,1,1,1,1,1,1
0,5,0,0,0,0,0,0,0,0,1,1,1,1,1,1,1,1
1,5,1,1,1,1,1,1,1,1,1,1,1,1,1,1,1,1
0,5,0,0,0,0,0,0,0,0,1,1,1,1,1,1,1,1
0,5,0,0,0,0,0,0,0,0,1,1,1,1,1,1,1,1
1,5,1,1,1,1,1,1,1,1,1,1,1,1,1,1,1,1
1,5,0,0,0,0,0,0,0,0,0,0,0,0,0,0,0,0
0,5,0,0,0,0,0,0,0,0,1,1,1,1,1,1,1,1
0,5,0,0,0,0,0,0,0,0,1,1,1,1,1,1,1,1
1,5,1,1,1,1,1,1,1,1,1,1,1,1,1,1,1,1
0,5,1,0,0,0,1,0,1,0,0,1,1,1,0,1,0,1
0,5,0,0,0,0,0,0,0,0,1,1,1,1,1,1,1,1
0,5,0,0,0,0,0,0,0,0,1,1,1,1,1,1,1,1
0,5,0,0,0,0,0,0,0,0,1,1,1,1,1,1,1,1
0,5,0,0,0,0,0,0,0,0,1,1,1,1,1,1,1,1
1,5,1,1,1,1,1,1,1,1,1,1,1,1,1,1,1,1
1,5,1,1,1,1,1,1,1,1,1,1,1,1,1,1,1,1
1,5,1,1,1,1,1,1,1,1,1,1,1,1,1,1,1,1
1,5,1,1,1,1,1,0,1,1,1,1,1,1,1,0,1,1
1,5,1,1,1,1,1,1,1,1,1,1,1,1,1,1,1,1
1,5,1,1,1,1,1,0,1,1,1,1,1,1,1,0,1,1
1,5,1,1,1,1,1,1,1,1,1,1,1,1,1,1,1,1
1,5,1,1,1,1,1,1,1,1,1,1,1,1,1,1,1,1
0,5,0,0,0,0,0,0,0,0,1,1,1,1,1,1,1,1
0,5,0,0,0,0,0,0,0,0,1,1,1,1,1,1,1,1
0,5,0,0,0,0,0,0,0,0,1,1,1,1,1,1,1,1
0,5,0,0,0,0,0,0,1,0,1,1,1,1,1,1,0,1
0,5,1,0,0,0,0,0,0,0,0,1,1,1,1,1,1,1
0,5,0,0,0,1,0,0,0,0,1,1,1,0,1,1,1,1
0,5,0,0,0,0,0,0,0,0,1,1,1,1,1,1,1,1
0,5,0,0,0,0,0,0,0,0,1,1,1,1,1,1,1,1
0,5,0,0,0,0,0,0,0,0,1,1,1,1,1,1,1,1
0,5,0,0,0,0,0,0,0,0,1,1,1,1,1,1,1,1
1,5,0,0,0,0,0,1,0,0,0,0,0,0,0,1,0,0
1,5,1,1,1,1,1,0,1,1,1,1,1,1,1,0,1,1
1,5,1,1,1,1,1,1,1,1,1,1,1,1,1,1,1,1
1,5,1,1,1,1,1,0,1,1,1,1,1,1,1,0,1,1
1,5,1,1,1,1,1,1,1,1,1,1,1,1,1,1,1,1
1,5,1,1,1,1,1,1,1,1,1,1,1,1,1,1,1,1
1,5,1,1,1,1,1,1,1,1,1,1,1,1,1,1,1,1
1,5,1,1,1,1,1,1,1,1,1,1,1,1,1,1,1,1
1,5,1,1,1,1,1,1,1,1,1,1,1,1,1,1,1,1
1,5,1,1,1,1,1,1,1,1,1,1,1,1,1,1,1,1
0,5,0,0,0,0,0,0,0,0,1,1,1,1,1,1,1,1
0,5,0,0,0,0,0,0,0,0,1,1,1,1,1,1,1,1
1,5,1,0,1,0,1,0,0,0,1,0,1,0,1,0,0,0
0,5,0,0,0,0,0,0,0,0,1,1,1,1,1,1,1,1
0,5,0,0,0,0,0,0,0,0,1,1,1,1,1,1,1,1
1,5,1,1,1,1,1,0,1,1,1,1,1,1,1,0,1,1
1,5,0,0,0,0,1,0,1,0,0,0,0,0,1,0,1,0
0,5,0,0,0,0,0,0,0,0,1,1,1,1,1,1,1,1
0,5,0,1,1,1,0,0,1,1,1,0,0,0,1,1,0,0
1,5,1,1,1,1,1,1,1,1,1,1,1,1,1,1,1,1
0,5,1,1,1,1,1,1,1,1,0,0,0,0,0,0,0,0
0,5,0,0,0,0,0,0,0,0,1,1,1,1,1,1,1,1
0,5,0,0,0,0,0,0,0,0,1,1,1,1,1,1,1,1
1,5,1,1,1,1,1,0,1,1,1,1,1,1,1,0,1,1
1,5,1,1,1,1,1,1,1,1,1,1,1,1,1,1,1,1
1,5,1,1,1,1,1,1,1,1,1,1,1,1,1,1,1,1
1,5,1,1,1,1,1,1,1,1,1,1,1,1,1,1,1,1
1,5,1,0,1,1,0,0,1,1,1,0,1,1,0,0,1,1
0,5,0,0,0,0,0,0,0,0,1,1,1,1,1,1,1,1
1,5,1,0,0,1,0,0,0,0,1,0,0,1,0,0,0,0
0,5,0,0,0,0,0,0,0,0,1,1,1,1,1,1,1,1
0,5,0,0,0,0,0,0,0,0,1,1,1,1,1,1,1,1
1,5,1,1,1,1,1,1,1,1,1,1,1,1,1,1,1,1
0,5,0,0,0,0,0,0,0,0,1,1,1,1,1,1,1,1
1,5,1,1,1,1,1,1,1,1,1,1,1,1,1,1,1,1
1,5,1,1,1,1,1,1,1,1,1,1,1,1,1,1,1,1
0,5,0,0,0,0,0,0,0,0,1,1,1,1,1,1,1,1
1,5,1,1,1,1,1,1,0,1,1,1,1,1,1,1,0,1
1,5,0,0,0,1,0,0,1,0,0,0,0,1,0,0,1,0
1,5,1,1,1,1,1,1,1,1,1,1,1,1,1,1,1,1
1,5,1,1,1,1,1,0,1,1,1,1,1,1,1,0,1,1
0,5,0,0,0,0,0,0,0,0,1,1,1,1,1,1,1,1
0,5,1,0,0,0,1,1,0,0,0,1,1,1,0,0,1,1
1,5,1,1,1,1,1,1,1,1,1,1,1,1,1,1,1,1
1,5,1,1,1,1,1,0,1,1,1,1,1,1,1,0,1,1
0,5,1,0,1,1,1,0,1,1,0,1,0,0,0,1,0,0
1,5,1,1,1,1,1,1,1,1,1,1,1,1,1,1,1,1
1,5,1,1,1,1,1,1,1,1,1,1,1,1,1,1,1,1
0,5,0,0,0,0,0,0,0,0,1,1,1,1,1,1,1,1
0,5,0,0,0,0,0,0,0,0,1,1,1,1,1,1,1,1
0,5,0,0,0,0,0,0,0,0,1,1,1,1,1,1,1,1
0,5,1,1,1,1,1,0,1,1,0,0,0,0,0,1,0,0
0,5,0,0,0,0,0,0,0,0,1,1,1,1,1,1,1,1
0,5,0,0,0,0,0,0,0,0,1,1,1,1,1,1,1,1
0,5,0,0,0,0,0,0,0,0,1,1,1,1,1,1,1,1
1,5,1,1,1,1,1,1,1,1,1,1,1,1,1,1,1,1
0,5,0,0,0,0,0,0,0,0,1,1,1,1,1,1,1,1
0,5,1,1,1,1,1,1,0,1,0,0,0,0,0,0,1,0
0,5,0,0,0,0,0,0,0,0,1,1,1,1,1,1,1,1
1,5,0,0,0,0,0,0,0,0,0,0,0,0,0,0,0,0
1,5,0,1,1,1,1,1,1,1,0,1,1,1,1,1,1,1
1,5,1,1,1,1,1,1,1,1,1,1,1,1,1,1,1,1
1,5,1,1,1,1,1,1,1,1,1,1,1,1,1,1,1,1
1,5,1,1,1,1,1,0,0,1,1,1,1,1,1,0,0,1
0,5,0,0,0,0,0,0,0,0,1,1,1,1,1,1,1,1
1,5,1,1,1,1,1,0,1,1,1,1,1,1,1,0,1,1
0,5,0,0,1,1,1,0,1,1,1,1,0,0,0,1,0,0
1,5,1,1,1,1,1,1,1,1,1,1,1,1,1,1,1,1
1,5,1,0,0,0,1,0,0,0,1,0,0,0,1,0,0,0
0,5,0,0,0,1,0,0,0,0,1,1,1,0,1,1,1,1
1,5,1,1,1,1,1,0,0,1,1,1,1,1,1,0,0,1
0,5,0,0,0,0,0,0,0,0,1,1,1,1,1,1,1,1
0,5,0,0,0,0,0,0,0,0,1,1,1,1,1,1,1,1
0,5,0,0,0,0,0,0,0,0,1,1,1,1,1,1,1,1
0,5,0,0,0,0,0,0,0,0,1,1,1,1,1,1,1,1
1,5,1,1,1,1,1,1,1,1,1,1,1,1,1,1,1,1
0,5,1,1,1,1,1,0,0,1,0,0,0,0,0,1,1,0
1,5,1,1,1,1,1,1,1,1,1,1,1,1,1,1,1,1
0,5,0,0,0,0,0,0,0,0,1,1,1,1,1,1,1,1
0,6,0,0,0,0,0,0,0,0,1,1,1,1,1,1,1,1
1,6,1,1,1,1,1,1,1,1,1,1,1,1,1,1,1,1
0,6,0,0,0,0,0,0,0,0,1,1,1,1,1,1,1,1
0,6,0,0,0,0,0,0,0,0,1,1,1,1,1,1,1,1
0,6,1,0,1,1,1,0,1,1,0,1,0,0,0,1,0,0
0,6,0,0,0,0,0,0,0,0,1,1,1,1,1,1,1,1
1,6,1,1,1,1,1,0,1,1,1,1,1,1,1,0,1,1
1,6,1,1,1,1,1,1,1,1,1,1,1,1,1,1,1,1
0,6,1,1,1,1,1,1,1,1,0,0,0,0,0,0,0,0
1,6,1,1,1,1,1,1,1,1,1,1,1,1,1,1,1,1
0,6,0,0,0,0,0,0,0,0,1,1,1,1,1,1,1,1
0,6,1,1,1,1,1,1,1,1,0,0,0,0,0,0,0,0
0,6,0,0,0,0,0,0,0,0,1,1,1,1,1,1,1,1
0,6,0,0,0,0,0,0,0,0,1,1,1,1,1,1,1,1
1,6,1,1,1,0,1,1,1,1,1,1,1,0,1,1,1,1
0,6,0,0,0,0,0,0,0,0,1,1,1,1,1,1,1,1
0,6,1,0,0,0,1,0,0,0,0,1,1,1,0,1,1,1
1,6,1,1,0,1,1,1,0,1,1,1,0,1,1,1,0,1
1,6,1,1,1,1,0,0,1,1,1,1,1,1,0,0,1,1
0,6,0,0,0,0,0,0,0,0,1,1,1,1,1,1,1,1
1,6,1,0,0,1,1,1,1,1,1,0,0,1,1,1,1,1
0,6,0,0,0,0,0,0,0,0,1,1,1,1,1,1,1,1
0,6,0,0,0,0,0,0,0,0,1,1,1,1,1,1,1,1
0,6,0,0,0,0,0,0,0,0,1,1,1,1,1,1,1,1
1,6,1,1,1,1,1,1,1,1,1,1,1,1,1,1,1,1
0,6,0,0,0,0,0,0,0,0,1,1,1,1,1,1,1,1
0,6,0,0,0,0,0,0,0,0,1,1,1,1,1,1,1,1
1,6,1,1,1,1,1,1,1,1,1,1,1,1,1,1,1,1
1,6,1,1,1,1,1,1,1,1,1,1,1,1,1,1,1,1
0,6,0,1,1,1,0,1,0,1,1,0,0,0,1,0,1,0
1,6,1,1,1,1,1,1,1,1,1,1,1,1,1,1,1,1
0,6,0,0,0,0,0,0,0,0,1,1,1,1,1,1,1,1
0,6,1,1,0,0,1,1,0,1,0,0,1,1,0,0,1,0
0,6,0,0,0,0,0,0,0,0,1,1,1,1,1,1,1,1
1,6,1,1,1,1,1,1,1,1,1,1,1,1,1,1,1,1
0,6,0,0,0,0,0,0,0,0,1,1,1,1,1,1,1,1
1,6,1,1,1,1,1,1,1,1,1,1,1,1,1,1,1,1
1,6,1,1,1,1,1,1,1,1,1,1,1,1,1,1,1,1
1,6,1,1,1,1,1,1,1,1,1,1,1,1,1,1,1,1
0,6,0,0,0,0,0,0,0,0,1,1,1,1,1,1,1,1
1,6,1,1,1,1,1,1,1,1,1,1,1,1,1,1,1,1
0,6,0,0,0,0,0,0,0,0,1,1,1,1,1,1,1,1
0,6,0,0,0,0,0,0,0,0,1,1,1,1,1,1,1,1
0,6,0,0,0,0,0,0,0,0,1,1,1,1,1,1,1,1
1,6,0,1,1,1,1,0,1,1,0,1,1,1,1,0,1,1
0,6,0,0,0,0,0,0,0,0,1,1,1,1,1,1,1,1
0,6,0,0,0,0,0,0,0,0,1,1,1,1,1,1,1,1
0,6,0,0,0,0,0,0,0,0,1,1,1,1,1,1,1,1
1,6,1,1,1,1,1,1,1,1,1,1,1,1,1,1,1,1
0,6,0,0,0,0,0,0,0,0,1,1,1,1,1,1,1,1
1,6,1,1,1,1,1,1,1,1,1,1,1,1,1,1,1,1
1,6,1,1,1,1,1,1,0,1,1,1,1,1,1,1,0,1
1,6,1,1,1,1,1,1,1,1,1,1,1,1,1,1,1,1
0,6,1,1,0,0,1,0,0,0,0,0,1,1,0,1,1,1
0,6,0,0,0,0,0,0,0,0,1,1,1,1,1,1,1,1
0,6,1,0,1,1,1,0,1,1,0,1,0,0,0,1,0,0
0,6,1,0,0,0,0,0,0,0,0,1,1,1,1,1,1,1
0,6,0,0,0,0,0,0,0,0,1,1,1,1,1,1,1,1
1,6,1,1,1,1,1,1,1,1,1,1,1,1,1,1,1,1
1,6,1,1,1,1,1,1,1,1,1,1,1,1,1,1,1,1
0,6,0,0,1,1,0,0,1,0,1,1,0,0,1,1,0,1
1,6,1,1,1,1,1,1,1,1,1,1,1,1,1,1,1,1
0,6,0,0,0,0,0,0,0,0,1,1,1,1,1,1,1,1
0,6,0,0,0,0,0,0,0,0,1,1,1,1,1,1,1,1
0,6,0,0,0,0,0,0,0,0,1,1,1,1,1,1,1,1
0,6,0,0,0,0,0,0,0,0,1,1,1,1,1,1,1,1
0,6,0,0,0,0,0,0,0,0,1,1,1,1,1,1,1,1
1,6,1,1,1,1,1,1,1,1,1,1,1,1,1,1,1,1
1,6,1,1,1,1,1,1,1,1,1,1,1,1,1,1,1,1
0,6,0,0,0,0,0,0,0,0,1,1,1,1,1,1,1,1
1,6,1,1,1,1,1,1,1,1,1,1,1,1,1,1,1,1
1,6,1,1,1,1,1,1,1,1,1,1,1,1,1,1,1,1
0,6,0,0,0,0,0,0,0,0,1,1,1,1,1,1,1,1
1,6,0,1,1,1,1,1,1,1,0,1,1,1,1,1,1,1
1,6,1,1,1,1,1,1,1,1,1,1,1,1,1,1,1,1
1,6,1,1,1,1,1,0,0,1,1,1,1,1,1,0,0,1
1,6,1,1,1,1,1,1,1,1,1,1,1,1,1,1,1,1
0,6,0,0,0,0,0,0,0,0,1,1,1,1,1,1,1,1
1,6,1,1,0,0,1,1,0,1,1,1,0,0,1,1,0,1
1,6,0,1,0,0,1,1,0,0,0,1,0,0,1,1,0,0
1,6,0,1,0,0,1,1,0,0,0,1,0,0,1,1,0,0
0,6,1,1,1,1,1,0,1,1,0,0,0,0,0,1,0,0
0,6,0,0,0,0,0,0,0,0,1,1,1,1,1,1,1,1
0,6,1,0,0,0,0,0,0,0,0,1,1,1,1,1,1,1
1,6,1,1,1,1,1,1,1,1,1,1,1,1,1,1,1,1
0,6,0,0,0,0,0,0,0,0,1,1,1,1,1,1,1,1
0,6,0,0,0,0,0,0,0,0,1,1,1,1,1,1,1,1
1,6,1,1,1,1,1,1,1,1,1,1,1,1,1,1,1,1
1,6,1,1,1,1,1,1,1,1,1,1,1,1,1,1,1,1
1,6,0,0,1,0,0,0,1,0,0,0,1,0,0,0,1,0
0,6,0,0,0,0,0,0,0,0,1,1,1,1,1,1,1,1
0,6,0,0,0,0,0,0,0,0,1,1,1,1,1,1,1,1
1,6,1,1,1,1,1,1,1,1,1,1,1,1,1,1,1,1
0,6,0,0,0,0,0,0,0,0,1,1,1,1,1,1,1,1
1,6,1,1,1,1,1,1,1,1,1,1,1,1,1,1,1,1
1,6,1,1,1,1,1,1,1,1,1,1,1,1,1,1,1,1
1,6,1,1,1,1,1,1,1,1,1,1,1,1,1,1,1,1
1,6,1,1,1,1,1,1,1,1,1,1,1,1,1,1,1,1
1,6,1,1,0,0,1,0,0,0,1,1,0,0,1,0,0,0
0,6,0,0,0,0,0,0,0,0,1,1,1,1,1,1,1,1
1,6,1,1,1,1,1,1,1,1,1,1,1,1,1,1,1,1
1,6,1,0,1,0,1,1,0,1,1,0,1,0,1,1,0,1
0,6,0,0,0,0,0,0,0,0,1,1,1,1,1,1,1,1
0,6,0,0,0,0,0,0,0,0,1,1,1,1,1,1,1,1
0,6,0,0,0,0,0,0,0,0,1,1,1,1,1,1,1,1
0,6,0,0,0,0,0,0,0,0,1,1,1,1,1,1,1,1
1,6,1,1,1,1,1,1,1,1,1,1,1,1,1,1,1,1
0,6,0,0,0,0,0,0,0,0,1,1,1,1,1,1,1,1
0,6,0,0,0,0,0,0,0,0,1,1,1,1,1,1,1,1
0,6,1,0,0,0,1,0,0,0,0,1,1,1,0,1,1,1
0,6,1,0,1,1,1,1,0,1,0,1,0,0,0,0,1,0
1,6,1,0,1,1,1,0,1,1,1,0,1,1,1,0,1,1
0,6,0,0,0,0,0,0,0,0,1,1,1,1,1,1,1,1
1,6,1,1,1,1,1,1,1,1,1,1,1,1,1,1,1,1
0,6,0,0,0,0,1,0,0,0,1,1,1,1,0,1,1,1
0,6,0,0,0,0,0,0,0,0,1,1,1,1,1,1,1,1
0,6,0,0,0,0,0,0,0,0,1,1,1,1,1,1,1,1
0,6,1,0,0,0,1,0,1,0,0,1,1,1,0,1,0,1
1,6,1,1,1,1,1,0,1,1,1,1,1,1,1,0,1,1
1,6,1,1,1,1,1,1,1,1,1,1,1,1,1,1,1,1
1,6,1,1,1,1,1,1,1,1,1,1,1,1,1,1,1,1
1,6,1,1,1,1,1,1,1,1,1,1,1,1,1,1,1,1
0,6,1,0,0,0,1,0,0,0,0,1,1,1,0,1,1,1
1,6,1,1,1,1,1,1,1,1,1,1,1,1,1,1,1,1
1,6,1,1,1,1,1,1,1,1,1,1,1,1,1,1,1,1
0,6,0,0,0,0,0,0,0,0,1,1,1,1,1,1,1,1
0,6,0,0,0,0,0,0,0,0,1,1,1,1,1,1,1,1
1,6,1,1,1,1,1,1,1,1,1,1,1,1,1,1,1,1
1,6,0,1,0,0,0,0,0,0,0,1,0,0,0,0,0,0
1,6,1,1,1,1,1,1,1,1,1,1,1,1,1,1,1,1
0,6,0,0,0,0,0,0,0,0,1,1,1,1,1,1,1,1
1,6,1,1,1,1,1,1,1,1,1,1,1,1,1,1,1,1
0,6,0,0,0,0,0,0,0,0,1,1,1,1,1,1,1,1
0,6,0,0,0,0,0,0,0,0,1,1,1,1,1,1,1,1
0,6,0,0,0,0,0,0,0,0,1,1,1,1,1,1,1,1
1,6,1,1,1,1,1,1,1,1,1,1,1,1,1,1,1,1
0,6,0,0,0,0,0,0,0,0,1,1,1,1,1,1,1,1
0,6,0,0,0,0,0,0,0,0,1,1,1,1,1,1,1,1
1,6,1,1,1,1,1,1,1,1,1,1,1,1,1,1,1,1
0,6,0,0,0,0,0,0,0,0,1,1,1,1,1,1,1,1
0,6,0,0,0,0,0,0,0,0,1,1,1,1,1,1,1,1
1,6,1,1,1,1,1,1,1,1,1,1,1,1,1,1,1,1
1,6,1,1,0,0,1,0,0,0,1,1,0,0,1,0,0,0
1,6,1,1,1,1,1,1,1,1,1,1,1,1,1,1,1,1
1,6,1,1,1,1,1,1,1,1,1,1,1,1,1,1,1,1
1,6,1,1,1,0,1,0,1,1,1,1,1,0,1,0,1,1
1,6,0,0,0,0,0,0,0,0,0,0,0,0,0,0,0,0
0,6,0,0,1,1,0,0,1,0,1,1,0,0,1,1,0,1
0,6,0,0,0,0,1,0,0,0,1,1,1,1,0,1,1,1
0,6,0,0,0,0,0,0,0,0,1,1,1,1,1,1,1,1
1,6,1,1,1,1,1,1,1,1,1,1,1,1,1,1,1,1
0,6,1,1,1,1,1,1,1,1,0,0,0,0,0,0,0,0
0,6,0,0,0,0,0,0,0,0,1,1,1,1,1,1,1,1
0,6,0,0,0,0,0,0,0,0,1,1,1,1,1,1,1,1
0,6,1,0,0,0,0,0,0,0,0,1,1,1,1,1,1,1
0,6,0,0,0,1,1,0,0,0,1,1,1,0,0,1,1,1
0,6,0,0,0,0,0,0,0,0,1,1,1,1,1,1,1,1
0,6,0,0,0,0,0,0,0,0,1,1,1,1,1,1,1,1
0,6,0,0,0,0,0,0,0,0,1,1,1,1,1,1,1,1
1,6,1,1,1,1,1,1,1,1,1,1,1,1,1,1,1,1
1,6,1,1,1,1,1,0,1,1,1,1,1,1,1,0,1,1
0,6,0,0,0,0,0,0,0,0,1,1,1,1,1,1,1,1
1,6,1,1,1,1,1,1,1,1,1,1,1,1,1,1,1,1
0,6,0,0,0,0,0,0,0,0,1,1,1,1,1,1,1,1
1,6,1,1,1,1,1,1,1,1,1,1,1,1,1,1,1,1
0,6,0,0,0,0,0,0,0,0,1,1,1,1,1,1,1,1
0,6,1,0,1,0,0,0,0,0,0,1,0,1,1,1,1,1
0,6,1,0,0,0,1,0,0,0,0,1,1,1,0,1,1,1
0,6,0,0,0,0,0,0,0,0,1,1,1,1,1,1,1,1
1,6,1,1,1,1,1,1,1,1,1,1,1,1,1,1,1,1
0,6,0,0,1,1,0,1,1,1,1,1,0,0,1,0,0,0
0,6,0,0,1,1,0,0,1,0,1,1,0,0,1,1,0,1
1,6,1,1,0,0,1,1,0,1,1,1,0,0,1,1,0,1
1,6,1,1,1,1,1,1,1,1,1,1,1,1,1,1,1,1
0,6,0,0,0,0,0,0,0,0,1,1,1,1,1,1,1,1
0,6,0,0,0,0,0,0,0,0,1,1,1,1,1,1,1,1
1,6,1,1,1,0,1,0,1,1,1,1,1,0,1,0,1,1
1,6,1,1,1,1,1,1,1,1,1,1,1,1,1,1,1,1
1,6,1,0,1,1,1,1,1,1,1,0,1,1,1,1,1,1
0,6,0,0,0,0,0,0,0,0,1,1,1,1,1,1,1,1
0,6,0,0,0,0,0,0,0,0,1,1,1,1,1,1,1,1
0,6,0,0,1,1,0,0,1,0,1,1,0,0,1,1,0,1
0,6,0,0,0,0,0,0,0,0,1,1,1,1,1,1,1,1
0,6,0,0,0,0,0,0,0,0,1,1,1,1,1,1,1,1
1,6,1,1,1,1,1,1,1,1,1,1,1,1,1,1,1,1
1,6,1,1,1,1,1,1,1,1,1,1,1,1,1,1,1,1
1,6,1,1,1,1,1,1,1,1,1,1,1,1,1,1,1,1
1,6,0,0,0,0,0,0,0,0,0,0,0,0,0,0,0,0
1,6,1,1,1,1,1,1,1,1,1,1,1,1,1,1,1,1
1,6,1,1,1,1,1,1,1,1,1,1,1,1,1,1,1,1
1,6,1,1,1,1,1,1,1,1,1,1,1,1,1,1,1,1
1,6,1,1,1,1,1,1,1,1,1,1,1,1,1,1,1,1
1,6,1,1,1,1,1,1,1,1,1,1,1,1,1,1,1,1
0,6,0,0,0,0,0,0,0,0,1,1,1,1,1,1,1,1
1,6,1,1,1,1,1,0,1,1,1,1,1,1,1,0,1,1
1,6,1,1,1,1,1,1,1,1,1,1,1,1,1,1,1,1
1,6,1,1,1,1,1,1,1,1,1,1,1,1,1,1,1,1
0,6,1,0,0,0,0,0,0,0,0,1,1,1,1,1,1,1
0,6,0,0,0,0,0,0,0,0,1,1,1,1,1,1,1,1
1,6,1,1,1,1,1,1,1,1,1,1,1,1,1,1,1,1
0,6,1,0,0,0,0,0,1,0,0,1,1,1,1,1,0,1
0,6,0,0,0,0,0,0,0,0,1,1,1,1,1,1,1,1
1,6,1,1,1,1,1,1,1,1,1,1,1,1,1,1,1,1
0,6,0,0,0,0,0,0,0,0,1,1,1,1,1,1,1,1
0,6,1,0,0,0,0,0,0,0,0,1,1,1,1,1,1,1
0,6,0,1,0,0,1,1,0,0,1,0,1,1,0,0,1,1
1,6,1,1,1,0,1,0,1,1,1,1,1,0,1,0,1,1
0,6,1,0,0,0,0,0,0,0,0,1,1,1,1,1,1,1
1,6,1,1,0,0,0,1,0,0,1,1,0,0,0,1,0,0
1,6,1,1,1,0,1,1,1,1,1,1,1,0,1,1,1,1
0,6,0,0,0,0,0,0,0,0,1,1,1,1,1,1,1,1
1,6,1,1,1,1,1,1,1,1,1,1,1,1,1,1,1,1
1,6,1,1,1,1,1,1,1,1,1,1,1,1,1,1,1,1
0,6,0,0,0,0,0,0,0,0,1,1,1,1,1,1,1,1
1,6,1,1,1,1,1,0,1,1,1,1,1,1,1,0,1,1
1,6,1,1,1,1,1,1,1,1,1,1,1,1,1,1,1,1
1,6,1,1,1,1,1,1,1,1,1,1,1,1,1,1,1,1
0,6,0,0,0,0,0,0,0,0,1,1,1,1,1,1,1,1
1,6,0,1,0,0,1,1,0,0,0,1,0,0,1,1,0,0
1,6,1,1,1,1,1,1,1,1,1,1,1,1,1,1,1,1
0,6,1,1,1,1,1,1,1,1,0,0,0,0,0,0,0,0
0,6,0,0,0,0,0,0,0,0,1,1,1,1,1,1,1,1
0,6,0,0,0,0,0,0,0,0,1,1,1,1,1,1,1,1
1,6,0,0,0,0,0,0,0,0,0,0,0,0,0,0,0,0
1,6,1,1,1,1,1,1,1,1,1,1,1,1,1,1,1,1
1,6,1,1,1,1,1,1,1,1,1,1,1,1,1,1,1,1
1,6,1,1,0,0,0,0,0,0,1,1,0,0,0,0,0,0
0,6,0,0,0,0,0,0,0,0,1,1,1,1,1,1,1,1
0,6,0,0,0,0,0,0,0,0,1,1,1,1,1,1,1,1
0,6,0,0,0,0,0,0,0,0,1,1,1,1,1,1,1,1
1,7,1,1,1,1,1,1,1,1,1,1,1,1,1,1,1,1
1,7,1,1,1,1,1,1,1,1,1,1,1,1,1,1,1,1
1,7,1,1,1,1,1,1,1,1,1,1,1,1,1,1,1,1
1,7,1,1,1,1,1,1,1,1,1,1,1,1,1,1,1,1
0,7,0,0,0,0,0,0,0,0,1,1,1,1,1,1,1,1
1,7,1,1,1,1,1,1,1,1,1,1,1,1,1,1,1,1
1,7,1,0,0,0,0,0,1,0,1,0,0,0,0,0,1,0
0,7,0,0,0,0,0,0,0,0,1,1,1,1,1,1,1,1
0,7,1,0,0,0,0,0,1,0,0,1,1,1,1,1,0,1
0,7,0,0,0,0,0,0,0,0,1,1,1,1,1,1,1,1
1,7,1,1,1,1,1,1,1,1,1,1,1,1,1,1,1,1
0,7,1,0,0,0,0,0,0,0,0,1,1,1,1,1,1,1
0,7,0,0,0,0,0,0,0,0,1,1,1,1,1,1,1,1
1,7,1,1,1,1,1,1,1,1,1,1,1,1,1,1,1,1
1,7,1,0,1,1,1,0,1,1,1,0,1,1,1,0,1,1
0,7,0,0,0,0,0,0,0,0,1,1,1,1,1,1,1,1
1,7,1,1,1,1,1,1,1,1,1,1,1,1,1,1,1,1
0,7,1,1,1,1,1,0,1,1,0,0,0,0,0,1,0,0
0,7,1,1,1,1,1,0,1,1,0,0,0,0,0,1,0,0
0,7,0,0,0,0,0,0,0,0,1,1,1,1,1,1,1,1
1,7,1,1,0,1,1,1,0,1,1,1,0,1,1,1,0,1
1,7,1,0,0,0,1,0,0,0,1,0,0,0,1,0,0,0
1,7,1,1,1,1,1,1,1,1,1,1,1,1,1,1,1,1
1,7,1,1,1,1,1,1,1,1,1,1,1,1,1,1,1,1
1,7,1,1,1,1,1,1,1,1,1,1,1,1,1,1,1,1
0,7,0,0,0,0,0,0,0,0,1,1,1,1,1,1,1,1
0,7,0,0,0,0,0,0,0,0,1,1,1,1,1,1,1,1
0,7,0,0,0,0,0,0,0,0,1,1,1,1,1,1,1,1
0,7,0,0,0,0,0,0,0,0,1,1,1,1,1,1,1,1
0,7,0,0,0,0,0,0,0,0,1,1,1,1,1,1,1,1
1,7,1,1,1,1,1,1,1,1,1,1,1,1,1,1,1,1
1,7,1,1,1,1,1,0,1,1,1,1,1,1,1,0,1,1
1,7,1,1,1,1,1,1,1,1,1,1,1,1,1,1,1,1
1,7,1,1,1,1,1,1,1,1,1,1,1,1,1,1,1,1
1,7,1,1,1,1,1,1,1,1,1,1,1,1,1,1,1,1
1,7,1,1,1,1,1,1,1,1,1,1,1,1,1,1,1,1
1,7,1,1,1,1,0,0,1,1,1,1,1,1,0,0,1,1
1,7,0,1,1,1,1,0,1,1,0,1,1,1,1,0,1,1
0,7,0,0,0,0,0,0,0,0,1,1,1,1,1,1,1,1
0,7,0,0,0,0,0,0,0,0,1,1,1,1,1,1,1,1
0,7,0,0,0,0,0,0,0,0,1,1,1,1,1,1,1,1
0,7,0,0,0,0,0,0,0,0,1,1,1,1,1,1,1,1
0,7,0,0,0,0,0,0,0,0,1,1,1,1,1,1,1,1
0,7,0,0,0,0,0,0,0,0,1,1,1,1,1,1,1,1
1,7,1,1,1,1,1,1,1,1,1,1,1,1,1,1,1,1
0,7,1,0,1,1,0,0,0,0,0,1,0,0,1,1,1,1
0,7,1,0,0,0,0,0,0,0,0,1,1,1,1,1,1,1
0,7,0,1,1,1,0,0,1,1,1,0,0,0,1,1,0,0
1,7,1,1,1,1,1,1,1,1,1,1,1,1,1,1,1,1
0,7,0,0,0,0,0,0,0,0,1,1,1,1,1,1,1,1
1,7,1,0,0,0,0,0,1,0,1,0,0,0,0,0,1,0
0,7,1,0,0,1,1,0,0,0,0,1,1,0,0,1,1,1
1,7,1,1,1,1,1,1,1,1,1,1,1,1,1,1,1,1
1,7,1,1,1,1,1,1,1,1,1,1,1,1,1,1,1,1
1,7,1,1,1,1,1,1,1,1,1,1,1,1,1,1,1,1
1,7,1,1,1,1,1,1,1,1,1,1,1,1,1,1,1,1
0,7,0,0,0,0,0,0,0,0,1,1,1,1,1,1,1,1
0,7,0,0,0,0,0,0,0,0,1,1,1,1,1,1,1,1
0,7,0,0,0,0,0,0,0,0,1,1,1,1,1,1,1,1
1,7,1,1,1,1,1,1,1,1,1,1,1,1,1,1,1,1
1,7,1,1,1,1,1,0,1,1,1,1,1,1,1,0,1,1
1,7,1,1,1,1,1,1,1,1,1,1,1,1,1,1,1,1
1,7,1,1,1,1,1,1,1,1,1,1,1,1,1,1,1,1
1,7,1,1,1,1,1,1,1,1,1,1,1,1,1,1,1,1
0,7,0,0,0,0,0,0,0,0,1,1,1,1,1,1,1,1
0,7,0,0,0,0,0,0,0,0,1,1,1,1,1,1,1,1
0,7,0,0,0,0,0,0,0,0,1,1,1,1,1,1,1,1
0,7,0,0,1,1,0,0,1,0,1,1,0,0,1,1,0,1
0,7,0,0,0,0,0,0,0,0,1,1,1,1,1,1,1,1
0,7,0,0,0,0,0,0,0,0,1,1,1,1,1,1,1,1
1,7,1,1,1,1,1,1,1,1,1,1,1,1,1,1,1,1
0,7,0,0,0,0,0,0,0,0,1,1,1,1,1,1,1,1
0,7,0,0,0,0,0,0,0,0,1,1,1,1,1,1,1,1
0,7,1,0,0,0,0,0,0,0,0,1,1,1,1,1,1,1
0,7,0,0,0,0,0,0,0,0,1,1,1,1,1,1,1,1
1,7,1,1,1,1,1,1,1,1,1,1,1,1,1,1,1,1
1,7,1,1,1,1,1,1,1,1,1,1,1,1,1,1,1,1
1,7,1,1,1,1,1,0,1,1,1,1,1,1,1,0,1,1
1,7,1,1,0,0,1,1,1,1,1,1,0,0,1,1,1,1
1,7,1,1,1,1,1,1,1,1,1,1,1,1,1,1,1,1
1,7,1,1,1,1,1,1,1,1,1,1,1,1,1,1,1,1
1,7,1,0,0,0,0,0,0,0,1,0,0,0,0,0,0,0
1,7,1,1,1,1,1,1,1,1,1,1,1,1,1,1,1,1
1,7,1,1,1,1,1,1,1,1,1,1,1,1,1,1,1,1
1,7,1,1,1,1,1,0,1,1,1,1,1,1,1,0,1,1
0,7,0,0,0,0,0,0,0,0,1,1,1,1,1,1,1,1
0,7,0,1,1,1,1,1,1,1,1,0,0,0,0,0,0,0
1,7,1,1,1,1,1,1,1,1,1,1,1,1,1,1,1,1
1,7,0,1,1,1,1,0,1,1,0,1,1,1,1,0,1,1
0,7,0,0,0,0,0,0,0,0,1,1,1,1,1,1,1,1
1,7,1,1,0,0,1,1,1,1,1,1,0,0,1,1,1,1
1,7,1,1,1,1,1,0,1,1,1,1,1,1,1,0,1,1
0,7,0,0,0,0,0,0,0,0,1,1,1,1,1,1,1,1
0,7,0,0,0,0,0,0,0,0,1,1,1,1,1,1,1,1
0,7,0,0,0,0,0,0,0,0,1,1,1,1,1,1,1,1
1,7,0,1,1,1,1,1,1,1,0,1,1,1,1,1,1,1
1,7,1,1,1,1,1,1,1,1,1,1,1,1,1,1,1,1
1,7,1,1,1,1,1,0,1,1,1,1,1,1,1,0,1,1
0,7,0,0,0,0,0,0,0,0,1,1,1,1,1,1,1,1
0,7,0,0,0,0,0,0,0,0,1,1,1,1,1,1,1,1
1,7,1,1,1,1,1,1,1,1,1,1,1,1,1,1,1,1
1,7,0,0,0,1,0,0,0,0,0,0,0,1,0,0,0,0
1,7,1,1,1,1,1,0,1,1,1,1,1,1,1,0,1,1
1,7,1,1,1,1,1,1,1,1,1,1,1,1,1,1,1,1
1,7,1,0,1,1,1,0,0,1,1,0,1,1,1,0,0,1
1,7,1,1,1,1,1,1,1,1,1,1,1,1,1,1,1,1
1,7,1,1,1,1,1,1,1,1,1,1,1,1,1,1,1,1
1,7,1,1,1,1,1,1,1,1,1,1,1,1,1,1,1,1
0,7,1,0,0,0,1,0,0,0,0,1,1,1,0,1,1,1
0,7,0,0,0,0,0,0,0,0,1,1,1,1,1,1,1,1
0,7,1,1,1,1,1,1,1,1,0,0,0,0,0,0,0,0
0,7,0,0,0,0,0,0,0,0,1,1,1,1,1,1,1,1
1,7,1,1,1,1,1,1,1,1,1,1,1,1,1,1,1,1
1,7,0,1,0,0,1,1,0,0,0,1,0,0,1,1,0,0
1,7,1,1,1,1,1,1,1,1,1,1,1,1,1,1,1,1
0,7,0,0,0,0,0,0,0,0,1,1,1,1,1,1,1,1
1,7,1,1,1,1,1,1,1,1,1,1,1,1,1,1,1,1
0,7,0,0,0,0,0,0,0,0,1,1,1,1,1,1,1,1
0,7,0,0,0,0,0,0,0,0,1,1,1,1,1,1,1,1
1,7,1,1,1,1,1,0,1,1,1,1,1,1,1,0,1,1
1,7,1,1,1,1,1,0,1,1,1,1,1,1,1,0,1,1
0,7,0,0,0,0,0,0,0,0,1,1,1,1,1,1,1,1
1,7,1,1,1,1,1,1,1,1,1,1,1,1,1,1,1,1
0,7,0,0,0,0,0,0,0,0,1,1,1,1,1,1,1,1
0,7,0,0,0,0,0,0,0,0,1,1,1,1,1,1,1,1
1,7,1,1,1,1,1,0,1,1,1,1,1,1,1,0,1,1
1,7,1,1,1,1,1,1,1,1,1,1,1,1,1,1,1,1
1,7,1,1,1,1,1,1,1,1,1,1,1,1,1,1,1,1
1,7,1,1,1,1,1,0,1,1,1,1,1,1,1,0,1,1
0,7,1,0,0,0,0,0,0,0,0,1,1,1,1,1,1,1
0,7,0,0,0,0,0,1,0,0,1,1,1,1,1,0,1,1
1,7,1,1,1,1,1,1,1,1,1,1,1,1,1,1,1,1
1,7,1,1,1,1,1,1,1,1,1,1,1,1,1,1,1,1
0,7,0,0,0,0,0,0,0,0,1,1,1,1,1,1,1,1
0,7,1,0,0,1,0,0,0,0,0,1,1,0,1,1,1,1
0,7,0,0,0,0,0,0,0,0,1,1,1,1,1,1,1,1
1,7,1,1,1,1,1,1,1,1,1,1,1,1,1,1,1,1
1,7,0,1,0,0,1,1,1,1,0,1,0,0,1,1,1,1
1,7,1,1,1,1,1,1,1,1,1,1,1,1,1,1,1,1
0,7,1,1,1,1,1,0,0,1,0,0,0,0,0,1,1,0
1,7,1,1,1,0,1,0,1,1,1,1,1,0,1,0,1,1
1,7,1,1,1,0,1,0,0,1,1,1,1,0,1,0,0,1
0,7,0,0,1,1,0,0,0,0,1,1,0,0,1,1,1,1
1,7,1,1,1,1,1,1,1,1,1,1,1,1,1,1,1,1
0,7,0,0,0,0,0,0,0,0,1,1,1,1,1,1,1,1
0,7,0,0,0,0,0,0,0,0,1,1,1,1,1,1,1,1
0,7,0,0,0,0,0,0,0,0,1,1,1,1,1,1,1,1
0,7,0,0,0,0,0,0,0,0,1,1,1,1,1,1,1,1
0,7,0,0,1,1,0,0,0,0,1,1,0,0,1,1,1,1
0,7,0,0,0,0,0,0,0,0,1,1,1,1,1,1,1,1
1,7,1,1,1,1,1,1,1,1,1,1,1,1,1,1,1,1
1,7,1,1,1,1,1,1,1,1,1,1,1,1,1,1,1,1
1,7,1,1,1,1,1,1,1,1,1,1,1,1,1,1,1,1
0,7,0,0,0,0,0,0,0,0,1,1,1,1,1,1,1,1
0,7,0,0,0,0,0,0,0,0,1,1,1,1,1,1,1,1
0,7,0,0,0,0,0,0,0,0,1,1,1,1,1,1,1,1
1,7,1,1,1,1,1,1,1,1,1,1,1,1,1,1,1,1
1,7,1,1,1,1,1,1,1,1,1,1,1,1,1,1,1,1
0,7,1,0,0,0,1,0,0,0,0,1,1,1,0,1,1,1
0,7,0,0,0,0,0,0,0,0,1,1,1,1,1,1,1,1
1,7,1,1,1,1,1,1,1,1,1,1,1,1,1,1,1,1
1,7,0,1,1,1,1,1,1,1,0,1,1,1,1,1,1,1
1,7,1,1,1,1,1,1,1,1,1,1,1,1,1,1,1,1
1,7,0,1,0,0,0,0,1,0,0,1,0,0,0,0,1,0
0,7,0,1,0,0,0,0,0,0,1,0,1,1,1,1,1,1
1,7,1,1,0,0,1,0,0,0,1,1,0,0,1,0,0,0
1,7,1,1,1,1,1,1,1,1,1,1,1,1,1,1,1,1
0,7,0,0,0,0,0,0,0,0,1,1,1,1,1,1,1,1
1,7,1,1,1,1,1,1,1,1,1,1,1,1,1,1,1,1
1,7,1,1,1,1,1,1,1,1,1,1,1,1,1,1,1,1
1,7,1,1,1,1,1,1,1,1,1,1,1,1,1,1,1,1
0,7,0,0,0,0,0,0,0,0,1,1,1,1,1,1,1,1
1,7,1,1,0,0,1,1,0,1,1,1,0,0,1,1,0,1
1,7,1,1,1,1,1,1,1,1,1,1,1,1,1,1,1,1
0,7,0,0,0,0,0,0,0,0,1,1,1,1,1,1,1,1
1,7,1,1,1,1,1,1,1,1,1,1,1,1,1,1,1,1
1,7,0,1,0,0,1,1,0,0,0,1,0,0,1,1,0,0
0,7,0,0,0,0,0,0,0,0,1,1,1,1,1,1,1,1
1,7,1,1,1,1,1,1,1,1,1,1,1,1,1,1,1,1
0,7,0,0,0,0,0,0,0,0,1,1,1,1,1,1,1,1
1,7,1,1,1,1,1,1,1,1,1,1,1,1,1,1,1,1
1,7,1,0,0,0,0,0,0,0,1,0,0,0,0,0,0,0
1,7,1,1,1,1,1,1,1,1,1,1,1,1,1,1,1,1
0,7,0,0,0,0,0,0,0,0,1,1,1,1,1,1,1,1
0,7,1,0,0,0,1,0,0,0,0,1,1,1,0,1,1,1
1,7,1,1,0,0,1,0,0,0,1,1,0,0,1,0,0,0
0,7,0,0,0,0,0,0,0,0,1,1,1,1,1,1,1,1
0,7,0,0,0,1,0,0,0,0,1,1,1,0,1,1,1,1
1,7,1,1,1,1,1,1,1,1,1,1,1,1,1,1,1,1
0,7,0,0,0,0,0,0,0,0,1,1,1,1,1,1,1,1
0,7,0,0,0,0,0,0,0,0,1,1,1,1,1,1,1,1
1,7,1,1,1,1,1,1,1,1,1,1,1,1,1,1,1,1
0,7,1,0,0,0,0,0,0,0,0,1,1,1,1,1,1,1
1,7,1,1,0,1,1,1,1,1,1,1,0,1,1,1,1,1
1,7,1,1,1,1,1,0,1,1,1,1,1,1,1,0,1,1
0,7,0,0,0,0,0,0,0,0,1,1,1,1,1,1,1,1
1,7,0,0,1,0,0,0,0,0,0,0,1,0,0,0,0,0
0,7,0,0,0,0,0,0,0,0,1,1,1,1,1,1,1,1
0,7,0,0,0,0,0,0,0,0,1,1,1,1,1,1,1,1
0,7,0,0,0,0,0,0,0,0,1,1,1,1,1,1,1,1
0,7,1,1,0,0,1,0,0,0,0,0,1,1,0,1,1,1
0,7,0,0,0,0,0,0,0,0,1,1,1,1,1,1,1,1
0,7,0,0,0,0,0,0,0,0,1,1,1,1,1,1,1,1
0,7,0,0,0,1,0,0,0,0,1,1,1,0,1,1,1,1
0,7,0,0,0,0,0,0,0,0,1,1,1,1,1,1,1,1
1,7,1,1,1,1,1,1,1,1,1,1,1,1,1,1,1,1
0,7,1,0,1,1,0,0,1,1,0,1,0,0,1,1,0,0
1,7,1,1,1,1,1,1,0,1,1,1,1,1,1,1,0,1
0,7,1,0,0,0,1,0,0,0,0,1,1,1,0,1,1,1
1,7,1,1,1,1,1,1,1,1,1,1,1,1,1,1,1,1
0,7,0,0,1,1,0,1,1,1,1,1,0,0,1,0,0,0
1,7,1,1,1,1,1,1,1,1,1,1,1,1,1,1,1,1
1,7,1,1,1,1,1,1,1,1,1,1,1,1,1,1,1,1
0,7,0,0,0,0,0,0,0,0,1,1,1,1,1,1,1,1
0,7,0,0,0,0,0,0,0,0,1,1,1,1,1,1,1,1
1,7,1,1,1,1,1,1,1,1,1,1,1,1,1,1,1,1
0,7,0,0,0,0,0,0,0,0,1,1,1,1,1,1,1,1
0,7,0,0,0,0,0,0,0,0,1,1,1,1,1,1,1,1
0,7,1,0,0,0,0,0,0,0,0,1,1,1,1,1,1,1
0,7,0,0,0,1,0,0,0,0,1,1,1,0,1,1,1,1
0,7,0,0,0,0,0,0,0,0,1,1,1,1,1,1,1,1
0,7,0,0,0,0,0,0,0,0,1,1,1,1,1,1,1,1
1,7,1,1,1,1,1,1,1,1,1,1,1,1,1,1,1,1
0,7,0,0,0,0,0,0,0,0,1,1,1,1,1,1,1,1
0,7,0,0,0,0,0,0,0,0,1,1,1,1,1,1,1,1
1,7,1,1,1,1,1,1,1,1,1,1,1,1,1,1,1,1
1,7,1,1,1,1,1,1,1,1,1,1,1,1,1,1,1,1
0,7,0,1,1,1,1,1,1,1,1,0,0,0,0,0,0,0
0,7,0,0,0,0,0,0,0,0,1,1,1,1,1,1,1,1
0,7,0,0,0,0,0,0,0,0,1,1,1,1,1,1,1,1
1,8,1,1,0,1,1,1,1,1,1,1,0,1,1,1,1,1
1,8,1,0,0,1,1,0,0,0,1,0,0,1,1,0,0,0
0,8,0,0,0,0,0,0,0,0,1,1,1,1,1,1,1,1
1,8,0,0,0,0,0,0,0,0,0,0,0,0,0,0,0,0
0,8,1,0,0,1,0,0,0,0,0,1,1,0,1,1,1,1
1,8,1,1,1,1,1,1,1,1,1,1,1,1,1,1,1,1
1,8,1,1,1,1,1,0,1,1,1,1,1,1,1,0,1,1
0,8,1,0,0,0,0,0,0,0,0,1,1,1,1,1,1,1
1,8,1,1,1,1,1,1,1,1,1,1,1,1,1,1,1,1
1,8,1,1,1,1,1,1,1,1,1,1,1,1,1,1,1,1
1,8,1,1,1,1,1,1,1,1,1,1,1,1,1,1,1,1
0,8,1,1,0,0,1,1,0,1,0,0,1,1,0,0,1,0
0,8,0,0,0,0,0,0,0,0,1,1,1,1,1,1,1,1
1,8,1,1,1,1,1,1,1,1,1,1,1,1,1,1,1,1
1,8,1,1,1,1,1,1,1,1,1,1,1,1,1,1,1,1
0,8,0,0,0,0,0,1,1,0,1,1,1,1,1,0,0,1
1,8,1,1,1,1,1,1,1,1,1,1,1,1,1,1,1,1
0,8,0,0,0,0,0,0,0,0,1,1,1,1,1,1,1,1
1,8,1,0,0,0,1,0,0,0,1,0,0,0,1,0,0,0
0,8,1,0,0,1,1,0,1,1,0,1,1,0,0,1,0,0
0,8,1,0,0,0,1,0,0,0,0,1,1,1,0,1,1,1
1,8,0,1,1,1,1,0,1,1,0,1,1,1,1,0,1,1
0,8,0,0,0,0,0,0,0,0,1,1,1,1,1,1,1,1
0,8,1,1,1,1,1,0,1,1,0,0,0,0,0,1,0,0
0,8,0,0,0,0,0,0,0,0,1,1,1,1,1,1,1,1
0,8,1,0,0,0,0,0,0,0,0,1,1,1,1,1,1,1
0,8,0,0,0,0,0,0,0,0,1,1,1,1,1,1,1,1
1,8,1,1,1,1,1,0,1,1,1,1,1,1,1,0,1,1
1,8,1,1,1,1,1,1,1,1,1,1,1,1,1,1,1,1
1,8,1,1,1,1,1,1,1,1,1,1,1,1,1,1,1,1
1,8,1,1,1,1,1,1,1,1,1,1,1,1,1,1,1,1
1,8,0,1,1,1,1,0,1,1,0,1,1,1,1,0,1,1
1,8,1,1,1,1,1,1,1,1,1,1,1,1,1,1,1,1
1,8,0,0,1,1,1,0,0,0,0,0,1,1,1,0,0,0
0,8,0,0,0,0,0,0,0,0,1,1,1,1,1,1,1,1
0,8,0,0,0,0,0,0,0,0,1,1,1,1,1,1,1,1
1,8,1,1,1,1,1,1,1,1,1,1,1,1,1,1,1,1
1,8,1,1,1,1,1,1,0,1,1,1,1,1,1,1,0,1
0,8,0,0,0,0,0,0,0,0,1,1,1,1,1,1,1,1
0,8,0,0,0,0,0,0,1,0,1,1,1,1,1,1,0,1
0,8,0,0,0,0,0,0,0,0,1,1,1,1,1,1,1,1
1,8,1,1,1,1,1,0,1,1,1,1,1,1,1,0,1,1
1,8,1,1,1,1,1,1,1,1,1,1,1,1,1,1,1,1
0,8,0,0,0,0,0,0,0,0,1,1,1,1,1,1,1,1
0,8,0,0,0,0,0,0,0,0,1,1,1,1,1,1,1,1
0,8,0,0,0,0,0,0,0,0,1,1,1,1,1,1,1,1
0,8,0,0,0,0,0,0,0,0,1,1,1,1,1,1,1,1
1,8,1,1,1,1,1,0,1,1,1,1,1,1,1,0,1,1
1,8,1,1,1,1,1,1,1,1,1,1,1,1,1,1,1,1
0,8,0,0,0,0,0,0,0,0,1,1,1,1,1,1,1,1
1,8,1,1,1,1,1,1,1,1,1,1,1,1,1,1,1,1
0,8,1,0,0,0,0,0,0,0,0,1,1,1,1,1,1,1
0,8,0,0,0,0,0,0,0,0,1,1,1,1,1,1,1,1
0,8,1,1,0,1,0,0,1,1,0,0,1,0,1,1,0,0
0,8,0,0,0,0,0,0,0,0,1,1,1,1,1,1,1,1
0,8,1,0,0,0,1,0,0,0,0,1,1,1,0,1,1,1
0,8,0,0,0,0,0,0,0,0,1,1,1,1,1,1,1,1
0,8,0,0,0,0,0,0,0,0,1,1,1,1,1,1,1,1
0,8,1,1,1,1,1,1,1,1,0,0,0,0,0,0,0,0
0,8,0,0,0,0,1,1,0,0,1,1,1,1,0,0,1,1
0,8,0,0,0,0,0,0,0,0,1,1,1,1,1,1,1,1
0,8,0,0,0,0,0,0,0,0,1,1,1,1,1,1,1,1
0,8,0,0,0,0,0,0,0,0,1,1,1,1,1,1,1,1
0,8,0,0,0,0,0,0,0,0,1,1,1,1,1,1,1,1
0,8,0,0,0,0,1,0,0,0,1,1,1,1,0,1,1,1
1,8,1,1,1,1,1,0,1,1,1,1,1,1,1,0,1,1
1,8,1,1,1,1,1,1,1,1,1,1,1,1,1,1,1,1
0,8,1,0,0,0,0,0,0,0,0,1,1,1,1,1,1,1
1,8,1,1,1,1,1,1,1,1,1,1,1,1,1,1,1,1
0,8,0,0,0,0,0,0,0,0,1,1,1,1,1,1,1,1
1,8,0,1,0,0,1,0,1,0,0,1,0,0,1,0,1,0
1,8,1,1,1,1,1,0,1,1,1,1,1,1,1,0,1,1
0,8,0,0,1,1,1,0,0,0,1,1,0,0,0,1,1,1
1,8,1,1,1,1,1,1,1,1,1,1,1,1,1,1,1,1
0,8,0,0,0,0,0,0,0,0,1,1,1,1,1,1,1,1
0,8,0,0,0,0,0,0,0,0,1,1,1,1,1,1,1,1
1,8,1,1,1,1,1,1,1,1,1,1,1,1,1,1,1,1
1,8,1,1,1,1,1,1,1,1,1,1,1,1,1,1,1,1
0,8,1,1,1,1,1,1,1,1,0,0,0,0,0,0,0,0
1,8,1,1,0,0,1,0,1,1,1,1,0,0,1,0,1,1
1,8,1,1,1,1,1,1,1,1,1,1,1,1,1,1,1,1
0,8,0,0,0,0,0,0,0,0,1,1,1,1,1,1,1,1
1,8,0,1,1,1,1,1,1,1,0,1,1,1,1,1,1,1
0,8,1,0,1,1,1,0,1,1,0,1,0,0,0,1,0,0
1,8,1,1,1,1,1,1,1,1,1,1,1,1,1,1,1,1
1,8,1,1,1,1,1,1,1,1,1,1,1,1,1,1,1,1
0,8,0,0,0,0,0,0,0,0,1,1,1,1,1,1,1,1
0,8,0,0,0,0,0,0,0,0,1,1,1,1,1,1,1,1
1,8,1,0,1,1,0,0,1,1,1,0,1,1,0,0,1,1
1,8,1,1,1,0,1,0,0,1,1,1,1,0,1,0,0,1
0,8,0,0,0,0,0,0,0,0,1,1,1,1,1,1,1,1
0,8,0,0,0,0,0,0,0,0,1,1,1,1,1,1,1,1
0,8,1,0,1,1,0,0,0,0,0,1,0,0,1,1,1,1
0,8,0,0,0,0,0,0,0,0,1,1,1,1,1,1,1,1
1,8,1,1,1,1,1,1,1,1,1,1,1,1,1,1,1,1
0,8,0,0,0,0,0,0,0,0,1,1,1,1,1,1,1,1
0,8,0,0,0,0,0,0,0,0,1,1,1,1,1,1,1,1
0,8,0,0,0,0,0,0,0,0,1,1,1,1,1,1,1,1
1,8,1,1,1,1,1,1,1,1,1,1,1,1,1,1,1,1
0,8,0,0,0,0,0,0,0,0,1,1,1,1,1,1,1,1
1,8,1,1,1,1,1,1,1,1,1,1,1,1,1,1,1,1
0,8,0,0,0,0,0,0,0,0,1,1,1,1,1,1,1,1
0,8,0,0,0,0,0,0,0,0,1,1,1,1,1,1,1,1
1,8,1,1,1,1,1,1,1,1,1,1,1,1,1,1,1,1
1,8,1,1,1,1,1,1,1,1,1,1,1,1,1,1,1,1
1,8,1,1,1,1,1,1,1,1,1,1,1,1,1,1,1,1
1,8,1,1,1,1,1,1,1,1,1,1,1,1,1,1,1,1
0,8,0,0,0,0,0,0,0,0,1,1,1,1,1,1,1,1
0,8,0,0,0,0,1,0,0,0,1,1,1,1,0,1,1,1
1,8,1,1,1,1,1,1,1,1,1,1,1,1,1,1,1,1
0,8,0,0,0,0,0,0,0,0,1,1,1,1,1,1,1,1
1,8,1,0,1,1,0,0,1,1,1,0,1,1,0,0,1,1
1,8,1,1,1,1,1,1,1,1,1,1,1,1,1,1,1,1
1,8,1,1,1,1,1,1,1,1,1,1,1,1,1,1,1,1
1,8,1,1,1,1,1,1,1,1,1,1,1,1,1,1,1,1
0,8,0,0,0,0,0,0,0,0,1,1,1,1,1,1,1,1
1,8,1,0,0,0,1,0,0,0,1,0,0,0,1,0,0,0
0,8,0,0,0,0,0,0,0,0,1,1,1,1,1,1,1,1
1,8,1,1,1,1,1,0,1,1,1,1,1,1,1,0,1,1
1,8,1,0,1,1,0,0,0,0,1,0,1,1,0,0,0,0
1,8,1,1,1,1,1,1,1,1,1,1,1,1,1,1,1,1
1,8,1,1,1,1,1,1,1,1,1,1,1,1,1,1,1,1
1,8,1,1,1,1,1,1,1,1,1,1,1,1,1,1,1,1
0,8,0,0,0,0,0,0,0,0,1,1,1,1,1,1,1,1
0,8,0,0,0,0,0,0,0,0,1,1,1,1,1,1,1,1
0,8,0,0,1,0,0,0,1,0,1,1,0,1,1,1,0,1
1,8,1,0,0,0,0,0,1,0,1,0,0,0,0,0,1,0
1,8,0,0,0,0,1,0,0,0,0,0,0,0,1,0,0,0
0,8,1,0,0,0,0,0,0,0,0,1,1,1,1,1,1,1
0,8,0,0,0,0,0,0,0,0,1,1,1,1,1,1,1,1
0,8,0,0,0,0,0,0,0,0,1,1,1,1,1,1,1,1
0,8,0,0,0,0,1,0,0,0,1,1,1,1,0,1,1,1
0,8,0,0,0,0,0,0,0,0,1,1,1,1,1,1,1,1
1,8,1,1,1,1,1,1,1,1,1,1,1,1,1,1,1,1
1,8,0,0,1,0,0,0,1,0,0,0,1,0,0,0,1,0
0,8,0,0,0,0,0,0,0,0,1,1,1,1,1,1,1,1
1,8,1,1,1,1,1,1,0,1,1,1,1,1,1,1,0,1
0,8,0,0,0,0,0,0,1,0,1,1,1,1,1,1,0,1
0,8,0,0,0,0,0,0,0,0,1,1,1,1,1,1,1,1
0,8,1,0,0,1,1,0,1,1,0,1,1,0,0,1,0,0
0,8,0,0,0,0,0,0,0,0,1,1,1,1,1,1,1,1
0,8,0,0,0,0,0,0,0,0,1,1,1,1,1,1,1,1
1,8,1,1,1,1,1,1,1,1,1,1,1,1,1,1,1,1
0,8,0,0,0,0,0,0,0,0,1,1,1,1,1,1,1,1
1,8,1,0,0,0,1,0,1,0,1,0,0,0,1,0,1,0
0,8,0,0,0,0,0,0,0,0,1,1,1,1,1,1,1,1
0,8,0,0,0,0,0,0,0,0,1,1,1,1,1,1,1,1
0,8,0,0,0,0,0,0,0,0,1,1,1,1,1,1,1,1
0,8,0,0,0,0,0,0,0,0,1,1,1,1,1,1,1,1
1,8,1,1,1,1,1,1,0,1,1,1,1,1,1,1,0,1
0,8,0,0,0,0,0,0,0,0,1,1,1,1,1,1,1,1
0,8,0,0,0,0,0,0,0,0,1,1,1,1,1,1,1,1
0,8,0,0,0,0,0,0,0,0,1,1,1,1,1,1,1,1
1,8,1,1,1,1,1,1,1,1,1,1,1,1,1,1,1,1
0,8,0,0,0,0,0,0,0,0,1,1,1,1,1,1,1,1
0,8,0,0,0,0,0,0,0,0,1,1,1,1,1,1,1,1
0,8,1,1,0,0,1,0,0,0,0,0,1,1,0,1,1,1
1,8,1,1,1,1,1,1,1,1,1,1,1,1,1,1,1,1
0,8,0,0,0,0,0,0,0,0,1,1,1,1,1,1,1,1
0,8,0,0,0,0,0,0,0,0,1,1,1,1,1,1,1,1
1,8,1,1,1,1,1,1,1,1,1,1,1,1,1,1,1,1
0,8,0,0,0,0,0,0,0,0,1,1,1,1,1,1,1,1
0,8,0,1,0,1,1,1,0,1,1,0,1,0,0,0,1,0
0,8,1,1,1,1,1,0,1,1,0,0,0,0,0,1,0,0
0,8,0,0,0,0,0,0,0,0,1,1,1,1,1,1,1,1
1,8,1,1,1,1,1,1,1,1,1,1,1,1,1,1,1,1
0,8,0,0,0,0,0,0,0,0,1,1,1,1,1,1,1,1
1,8,1,1,1,1,1,1,1,1,1,1,1,1,1,1,1,1
1,8,1,1,1,1,1,1,1,1,1,1,1,1,1,1,1,1
0,8,0,0,0,0,0,0,1,0,1,1,1,1,1,1,0,1
0,8,1,1,1,1,1,1,0,1,0,0,0,0,0,0,1,0
1,8,1,1,1,1,1,1,1,1,1,1,1,1,1,1,1,1
0,8,0,0,0,1,0,0,1,0,1,1,1,0,1,1,0,1
0,8,0,0,0,0,0,0,0,0,1,1,1,1,1,1,1,1
0,8,0,0,0,0,0,0,0,0,1,1,1,1,1,1,1,1
0,8,0,0,0,0,0,0,0,0,1,1,1,1,1,1,1,1
1,8,1,1,1,1,1,1,1,1,1,1,1,1,1,1,1,1
1,8,1,1,1,1,1,1,1,1,1,1,1,1,1,1,1,1
1,8,1,1,1,1,1,0,1,1,1,1,1,1,1,0,1,1
1,8,1,1,1,1,1,0,1,1,1,1,1,1,1,0,1,1
1,8,1,1,1,1,1,1,1,1,1,1,1,1,1,1,1,1
0,8,1,1,0,0,0,0,0,0,0,0,1,1,1,1,1,1
0,8,0,0,0,0,0,0,0,0,1,1,1,1,1,1,1,1
0,8,0,0,0,0,0,0,0,0,1,1,1,1,1,1,1,1
0,8,0,0,0,0,0,0,0,0,1,1,1,1,1,1,1,1
0,8,0,0,0,0,0,0,0,0,1,1,1,1,1,1,1,1
1,8,1,1,1,1,1,1,1,1,1,1,1,1,1,1,1,1
0,8,0,0,0,0,0,0,0,0,1,1,1,1,1,1,1,1
0,8,0,0,0,0,0,0,0,0,1,1,1,1,1,1,1,1
0,8,0,0,0,0,0,0,0,0,1,1,1,1,1,1,1,1
1,8,0,0,0,0,0,1,0,0,0,0,0,0,0,1,0,0
1,8,1,1,1,1,1,1,1,1,1,1,1,1,1,1,1,1
0,8,0,0,0,0,0,0,0,0,1,1,1,1,1,1,1,1
0,8,0,0,0,0,0,0,0,0,1,1,1,1,1,1,1,1
0,8,1,1,1,1,1,1,1,1,0,0,0,0,0,0,0,0
0,8,0,0,0,0,0,0,0,0,1,1,1,1,1,1,1,1
1,8,1,1,1,1,1,1,1,1,1,1,1,1,1,1,1,1
0,8,1,1,0,0,1,1,0,1,0,0,1,1,0,0,1,0
0,8,0,0,0,0,0,0,0,0,1,1,1,1,1,1,1,1
0,8,0,0,0,0,0,0,0,0,1,1,1,1,1,1,1,1
0,8,0,0,0,0,0,0,0,0,1,1,1,1,1,1,1,1
0,8,0,0,0,0,0,0,0,0,1,1,1,1,1,1,1,1
1,8,1,1,1,1,1,1,1,1,1,1,1,1,1,1,1,1
0,8,0,0,0,0,0,0,0,0,1,1,1,1,1,1,1,1
0,8,1,1,1,1,1,1,1,1,0,0,0,0,0,0,0,0
1,8,1,1,1,1,1,1,1,1,1,1,1,1,1,1,1,1
1,8,1,1,1,1,1,1,1,1,1,1,1,1,1,1,1,1
1,8,1,1,1,1,1,1,1,1,1,1,1,1,1,1,1,1
0,8,0,0,0,0,0,0,0,0,1,1,1,1,1,1,1,1
0,8,1,1,1,1,1,0,1,1,0,0,0,0,0,1,0,0
1,8,1,1,1,1,1,1,1,1,1,1,1,1,1,1,1,1
1,8,1,1,1,1,1,1,1,1,1,1,1,1,1,1,1,1
0,8,0,0,0,0,1,0,0,0,1,1,1,1,0,1,1,1
1,8,1,1,1,1,1,1,1,1,1,1,1,1,1,1,1,1
1,8,1,1,1,1,1,1,1,1,1,1,1,1,1,1,1,1
0,8,0,0,0,0,0,0,0,0,1,1,1,1,1,1,1,1
0,8,0,0,0,0,1,0,0,0,1,1,1,1,0,1,1,1
0,8,0,1,0,0,0,0,0,0,1,0,1,1,1,1,1,1
0,8,0,0,0,0,0,0,0,0,1,1,1,1,1,1,1,1
1,8,1,1,1,1,1,1,1,1,1,1,1,1,1,1,1,1
0,8,0,1,1,0,0,1,1,1,1,0,0,1,1,0,0,0
0,8,0,0,0,0,0,0,0,0,1,1,1,1,1,1,1,1
0,8,1,0,0,1,1,0,1,1,0,1,1,0,0,1,0,0
0,8,0,0,0,0,0,0,0,0,1,1,1,1,1,1,1,1
0,8,0,0,0,0,0,0,0,0,1,1,1,1,1,1,1,1
1,8,1,1,1,1,1,1,1,1,1,1,1,1,1,1,1,1
1,8,1,1,0,0,0,0,0,0,1,1,0,0,0,0,0,0
0,8,1,0,0,1,0,0,0,0,0,1,1,0,1,1,1,1
0,8,1,0,1,1,1,1,1,1,0,1,0,0,0,0,0,0
1,8,1,1,1,1,1,1,1,1,1,1,1,1,1,1,1,1
0,9,0,0,0,0,0,0,0,0,1,1,1,1,1,1,1,1
1,9,1,1,1,1,1,0,1,1,1,1,1,1,1,0,1,1
0,9,0,0,0,0,0,0,1,0,1,1,1,1,1,1,0,1
1,9,1,1,1,1,1,1,1,1,1,1,1,1,1,1,1,1
1,9,1,1,1,1,1,1,1,1,1,1,1,1,1,1,1,1
0,9,0,0,0,0,0,0,0,0,1,1,1,1,1,1,1,1
1,9,0,1,1,1,1,1,1,1,0,1,1,1,1,1,1,1
1,9,1,1,1,1,1,1,1,1,1,1,1,1,1,1,1,1
0,9,0,0,0,0,0,0,0,0,1,1,1,1,1,1,1,1
1,9,1,1,1,1,1,1,1,1,1,1,1,1,1,1,1,1
1,9,1,0,1,1,1,0,1,1,1,0,1,1,1,0,1,1
1,9,1,1,1,1,1,1,1,1,1,1,1,1,1,1,1,1
1,9,1,1,1,1,1,1,1,1,1,1,1,1,1,1,1,1
0,9,0,0,0,0,0,0,0,0,1,1,1,1,1,1,1,1
1,9,1,1,1,1,1,1,1,1,1,1,1,1,1,1,1,1
1,9,1,1,1,1,1,1,1,1,1,1,1,1,1,1,1,1
0,9,0,0,1,0,0,0,0,0,1,1,0,1,1,1,1,1
0,9,0,0,0,0,1,0,0,0,1,1,1,1,0,1,1,1
0,9,0,0,0,0,0,0,0,0,1,1,1,1,1,1,1,1
0,9,0,0,0,0,0,0,0,0,1,1,1,1,1,1,1,1
0,9,0,0,0,0,0,0,0,0,1,1,1,1,1,1,1,1
1,9,1,0,1,1,1,0,1,1,1,0,1,1,1,0,1,1
0,9,0,0,0,0,0,0,0,0,1,1,1,1,1,1,1,1
0,9,0,0,0,0,0,0,0,0,1,1,1,1,1,1,1,1
0,9,1,1,1,1,1,1,1,1,0,0,0,0,0,0,0,0
0,9,0,0,0,0,0,0,0,0,1,1,1,1,1,1,1,1
0,9,1,0,0,0,0,0,0,0,0,1,1,1,1,1,1,1
0,9,0,0,0,0,0,0,0,0,1,1,1,1,1,1,1,1
0,9,0,0,0,0,0,0,0,0,1,1,1,1,1,1,1,1
0,9,1,1,1,1,1,0,1,1,0,0,0,0,0,1,0,0
1,9,1,1,1,1,1,1,0,1,1,1,1,1,1,1,0,1
0,9,1,0,0,0,1,0,0,0,0,1,1,1,0,1,1,1
1,9,1,1,1,1,1,1,1,1,1,1,1,1,1,1,1,1
1,9,1,1,1,1,1,1,1,1,1,1,1,1,1,1,1,1
1,9,1,1,1,1,1,1,1,1,1,1,1,1,1,1,1,1
0,9,0,0,0,0,0,0,0,0,1,1,1,1,1,1,1,1
0,9,0,0,0,0,0,0,0,0,1,1,1,1,1,1,1,1
1,9,1,1,1,1,1,1,1,1,1,1,1,1,1,1,1,1
1,9,1,1,1,1,1,1,1,1,1,1,1,1,1,1,1,1
1,9,1,1,1,1,1,1,1,1,1,1,1,1,1,1,1,1
0,9,0,0,0,0,0,0,0,0,1,1,1,1,1,1,1,1
1,9,1,1,1,1,1,1,1,1,1,1,1,1,1,1,1,1
0,9,0,0,0,1,0,0,0,0,1,1,1,0,1,1,1,1
1,9,1,1,1,1,1,1,1,1,1,1,1,1,1,1,1,1
1,9,1,1,1,1,1,1,1,1,1,1,1,1,1,1,1,1
0,9,0,0,0,0,0,0,0,0,1,1,1,1,1,1,1,1
1,9,1,1,1,1,1,1,1,1,1,1,1,1,1,1,1,1
1,9,1,1,1,1,1,1,1,1,1,1,1,1,1,1,1,1
0,9,0,0,0,0,0,0,0,0,1,1,1,1,1,1,1,1
0,9,0,0,0,0,0,0,0,0,1,1,1,1,1,1,1,1
1,9,0,1,1,0,1,1,0,1,0,1,1,0,1,1,0,1
0,9,0,0,0,0,0,0,0,0,1,1,1,1,1,1,1,1
0,9,0,0,0,0,0,0,0,0,1,1,1,1,1,1,1,1
0,9,0,0,0,0,0,0,0,0,1,1,1,1,1,1,1,1
0,9,0,0,0,0,0,0,0,0,1,1,1,1,1,1,1,1
0,9,1,0,0,0,0,0,0,0,0,1,1,1,1,1,1,1
1,9,1,1,1,1,1,1,1,1,1,1,1,1,1,1,1,1
0,9,0,0,0,0,0,0,0,0,1,1,1,1,1,1,1,1
1,9,1,0,1,1,1,0,0,1,1,0,1,1,1,0,0,1
0,9,0,0,0,0,0,0,0,0,1,1,1,1,1,1,1,1
1,9,1,1,0,1,1,0,1,1,1,1,0,1,1,0,1,1
1,9,1,1,1,1,1,1,1,1,1,1,1,1,1,1,1,1
0,9,0,0,0,0,0,0,0,0,1,1,1,1,1,1,1,1
1,9,1,1,1,1,1,1,1,1,1,1,1,1,1,1,1,1
1,9,0,1,1,1,1,0,0,1,0,1,1,1,1,0,0,1
0,9,0,0,0,0,0,0,0,0,1,1,1,1,1,1,1,1
0,9,0,0,0,0,0,0,0,0,1,1,1,1,1,1,1,1
0,9,0,0,0,0,0,0,0,0,1,1,1,1,1,1,1,1
0,9,1,0,1,1,1,1,1,1,0,1,0,0,0,0,0,0
1,9,1,1,1,1,1,1,1,1,1,1,1,1,1,1,1,1
1,9,1,1,1,1,1,1,1,1,1,1,1,1,1,1,1,1
0,9,0,0,0,0,0,0,0,0,1,1,1,1,1,1,1,1
0,9,0,0,0,0,0,0,0,0,1,1,1,1,1,1,1,1
1,9,1,1,1,1,1,1,1,1,1,1,1,1,1,1,1,1
0,9,0,0,0,0,0,0,0,0,1,1,1,1,1,1,1,1
1,9,1,1,1,1,1,0,1,1,1,1,1,1,1,0,1,1
0,9,0,0,0,0,0,0,0,0,1,1,1,1,1,1,1,1
1,9,1,1,1,1,1,1,0,1,1,1,1,1,1,1,0,1
1,9,1,1,1,1,1,1,1,1,1,1,1,1,1,1,1,1
0,9,0,0,0,0,0,0,0,0,1,1,1,1,1,1,1,1
0,9,0,0,0,0,0,0,0,0,1,1,1,1,1,1,1,1
1,9,1,1,1,1,1,1,1,1,1,1,1,1,1,1,1,1
1,9,1,1,1,1,1,1,1,1,1,1,1,1,1,1,1,1
1,9,1,1,1,0,0,1,1,1,1,1,1,0,0,1,1,1
0,9,0,0,0,0,0,0,0,0,1,1,1,1,1,1,1,1
0,9,0,1,0,0,1,0,0,0,1,0,1,1,0,1,1,1
0,9,1,0,1,1,1,1,0,1,0,1,0,0,0,0,1,0
0,9,0,0,1,1,0,0,1,0,1,1,0,0,1,1,0,1
1,9,1,1,1,1,1,1,0,1,1,1,1,1,1,1,0,1
1,9,1,1,1,1,1,1,1,1,1,1,1,1,1,1,1,1
0,9,0,0,0,0,0,0,0,0,1,1,1,1,1,1,1,1
0,9,0,0,0,0,0,0,0,0,1,1,1,1,1,1,1,1
0,9,0,0,0,0,0,0,0,0,1,1,1,1,1,1,1,1
0,9,0,0,0,0,0,0,0,0,1,1,1,1,1,1,1,1
0,9,0,0,0,0,0,0,0,0,1,1,1,1,1,1,1,1
0,9,0,0,0,0,0,0,0,0,1,1,1,1,1,1,1,1
1,9,1,1,1,1,0,0,1,1,1,1,1,1,0,0,1,1
1,9,1,1,1,1,1,1,1,1,1,1,1,1,1,1,1,1
1,9,1,1,1,1,1,1,1,1,1,1,1,1,1,1,1,1
0,9,0,0,0,0,0,0,0,0,1,1,1,1,1,1,1,1
0,9,1,1,0,0,1,0,0,0,0,0,1,1,0,1,1,1
0,9,0,0,0,1,0,0,1,0,1,1,1,0,1,1,0,1
0,9,0,0,0,0,0,0,0,0,1,1,1,1,1,1,1,1
0,9,0,0,0,0,0,0,0,0,1,1,1,1,1,1,1,1
0,9,0,0,0,0,0,0,0,0,1,1,1,1,1,1,1,1
0,9,0,0,0,0,0,0,0,0,1,1,1,1,1,1,1,1
0,9,0,0,0,0,0,0,0,0,1,1,1,1,1,1,1,1
1,9,1,0,0,1,1,0,0,0,1,0,0,1,1,0,0,0
0,9,0,0,0,0,0,0,0,0,1,1,1,1,1,1,1,1
1,9,1,1,1,1,1,1,1,1,1,1,1,1,1,1,1,1
0,9,1,0,0,0,1,0,0,0,0,1,1,1,0,1,1,1
0,9,0,0,0,0,0,0,0,0,1,1,1,1,1,1,1,1
1,9,1,1,1,1,1,0,1,1,1,1,1,1,1,0,1,1
1,9,1,1,1,1,1,1,1,1,1,1,1,1,1,1,1,1
0,9,0,0,0,0,0,0,0,0,1,1,1,1,1,1,1,1
0,9,0,0,0,0,0,0,0,0,1,1,1,1,1,1,1,1
1,9,1,1,1,1,1,1,1,1,1,1,1,1,1,1,1,1
0,9,0,0,0,0,0,0,0,0,1,1,1,1,1,1,1,1
0,9,1,0,0,1,1,0,0,0,0,1,1,0,0,1,1,1
0,9,1,0,1,1,1,0,0,1,0,1,0,0,0,1,1,0
1,9,1,1,1,1,1,1,1,1,1,1,1,1,1,1,1,1
0,9,1,0,1,1,1,0,1,1,0,1,0,0,0,1,0,0
1,9,1,1,1,1,1,1,1,1,1,1,1,1,1,1,1,1
0,9,0,0,0,0,0,0,0,0,1,1,1,1,1,1,1,1
0,9,0,0,0,0,0,0,0,0,1,1,1,1,1,1,1,1
1,9,1,1,1,1,1,1,1,1,1,1,1,1,1,1,1,1
0,9,0,0,0,0,0,0,0,0,1,1,1,1,1,1,1,1
0,9,0,0,0,0,0,0,0,0,1,1,1,1,1,1,1,1
1,9,1,1,1,1,1,1,1,1,1,1,1,1,1,1,1,1
0,9,1,1,1,1,1,1,1,1,0,0,0,0,0,0,0,0
0,9,0,0,0,0,0,0,0,0,1,1,1,1,1,1,1,1
0,9,0,0,0,0,0,0,0,0,1,1,1,1,1,1,1,1
0,9,1,0,1,0,1,1,1,1,0,1,0,1,0,0,0,0
0,9,0,0,0,0,0,0,0,0,1,1,1,1,1,1,1,1
1,9,1,1,1,1,1,1,1,1,1,1,1,1,1,1,1,1
1,9,1,1,1,1,1,1,1,1,1,1,1,1,1,1,1,1
1,9,1,1,1,1,1,1,1,1,1,1,1,1,1,1,1,1
1,9,1,1,1,1,1,1,1,1,1,1,1,1,1,1,1,1
1,9,1,1,1,1,1,1,1,1,1,1,1,1,1,1,1,1
1,9,1,1,1,1,1,1,1,1,1,1,1,1,1,1,1,1
0,9,0,0,0,0,0,0,0,0,1,1,1,1,1,1,1,1
0,9,0,0,0,0,0,0,0,0,1,1,1,1,1,1,1,1
1,9,0,1,0,0,0,1,0,0,0,1,0,0,0,1,0,0
1,9,1,1,1,1,1,1,1,1,1,1,1,1,1,1,1,1
1,9,1,1,1,1,1,1,1,1,1,1,1,1,1,1,1,1
0,9,0,0,0,0,0,0,0,0,1,1,1,1,1,1,1,1
0,9,0,0,0,0,0,0,0,0,1,1,1,1,1,1,1,1
0,9,0,0,0,0,0,0,0,0,1,1,1,1,1,1,1,1
1,9,1,0,1,1,0,0,1,1,1,0,1,1,0,0,1,1
1,9,1,1,0,0,1,1,0,1,1,1,0,0,1,1,0,1
1,9,0,1,0,1,0,1,0,0,0,1,0,1,0,1,0,0
0,9,0,0,1,1,0,0,0,0,1,1,0,0,1,1,1,1
1,9,1,1,1,1,1,1,1,1,1,1,1,1,1,1,1,1
0,9,0,0,0,0,0,0,0,0,1,1,1,1,1,1,1,1
0,9,0,0,0,0,0,0,0,0,1,1,1,1,1,1,1,1
1,9,1,1,0,1,1,0,1,1,1,1,0,1,1,0,1,1
1,9,1,1,1,1,1,1,1,1,1,1,1,1,1,1,1,1
1,9,1,1,1,1,1,1,1,1,1,1,1,1,1,1,1,1
0,9,0,0,0,0,0,0,0,0,1,1,1,1,1,1,1,1
1,9,1,1,1,1,1,1,1,1,1,1,1,1,1,1,1,1
0,9,0,0,0,0,0,0,1,0,1,1,1,1,1,1,0,1
0,9,0,0,0,0,0,0,0,0,1,1,1,1,1,1,1,1
1,9,1,1,1,1,1,1,1,1,1,1,1,1,1,1,1,1
1,9,1,1,1,1,1,0,1,1,1,1,1,1,1,0,1,1
0,9,1,0,0,0,1,1,0,0,0,1,1,1,0,0,1,1
1,9,1,1,1,1,1,1,1,1,1,1,1,1,1,1,1,1
0,9,0,0,0,0,0,0,0,0,1,1,1,1,1,1,1,1
1,9,1,1,1,1,1,1,1,1,1,1,1,1,1,1,1,1
0,9,0,0,0,0,0,0,0,0,1,1,1,1,1,1,1,1
0,9,0,0,0,0,0,0,0,0,1,1,1,1,1,1,1,1
0,9,0,0,0,0,0,0,0,0,1,1,1,1,1,1,1,1
1,9,0,0,0,0,0,0,0,0,0,0,0,0,0,0,0,0
0,9,0,0,1,1,0,0,0,0,1,1,0,0,1,1,1,1
1,9,0,0,1,1,0,0,0,0,0,0,1,1,0,0,0,0
0,9,1,0,1,1,0,0,1,1,0,1,0,0,1,1,0,0
0,9,0,0,0,0,0,0,0,0,1,1,1,1,1,1,1,1
1,9,0,1,0,1,1,0,1,1,0,1,0,1,1,0,1,1
1,9,0,1,1,1,1,1,1,1,0,1,1,1,1,1,1,1
0,9,0,0,0,0,0,0,0,0,1,1,1,1,1,1,1,1
1,9,1,1,1,1,1,1,1,1,1,1,1,1,1,1,1,1
1,9,1,0,1,1,0,0,1,1,1,0,1,1,0,0,1,1
1,9,1,1,1,1,1,1,1,1,1,1,1,1,1,1,1,1
1,9,1,1,1,1,1,1,1,1,1,1,1,1,1,1,1,1
0,9,0,0,0,0,0,0,0,0,1,1,1,1,1,1,1,1
1,9,1,1,1,1,1,1,1,1,1,1,1,1,1,1,1,1
0,9,0,0,0,0,0,0,0,0,1,1,1,1,1,1,1,1
0,9,0,0,0,0,0,0,0,0,1,1,1,1,1,1,1,1
1,9,1,1,1,1,1,1,1,1,1,1,1,1,1,1,1,1
1,9,1,1,1,1,1,1,1,1,1,1,1,1,1,1,1,1
1,9,1,1,1,1,1,1,1,1,1,1,1,1,1,1,1,1
1,9,1,0,0,0,0,0,0,0,1,0,0,0,0,0,0,0
0,9,0,0,0,0,0,0,0,0,1,1,1,1,1,1,1,1
1,9,1,1,1,1,1,1,1,1,1,1,1,1,1,1,1,1
1,9,1,1,1,1,1,1,1,1,1,1,1,1,1,1,1,1
0,9,0,0,0,0,0,0,0,0,1,1,1,1,1,1,1,1
1,9,1,1,1,1,1,1,1,1,1,1,1,1,1,1,1,1
1,9,1,1,1,1,1,1,1,1,1,1,1,1,1,1,1,1
1,9,1,1,1,0,1,1,1,1,1,1,1,0,1,1,1,1
1,9,1,1,1,0,1,0,0,1,1,1,1,0,1,0,0,1
1,9,1,1,1,1,1,1,1,1,1,1,1,1,1,1,1,1
0,9,0,0,0,0,0,0,0,0,1,1,1,1,1,1,1,1
0,9,0,0,0,0,0,0,0,0,1,1,1,1,1,1,1,1
1,9,1,1,1,1,1,1,1,1,1,1,1,1,1,1,1,1
0,9,0,0,0,0,0,0,0,0,1,1,1,1,1,1,1,1
1,9,1,1,1,1,1,1,1,1,1,1,1,1,1,1,1,1
0,9,1,0,1,1,1,0,1,1,0,1,0,0,0,1,0,0
1,9,1,1,1,1,1,1,1,1,1,1,1,1,1,1,1,1
0,9,0,0,0,0,0,0,0,0,1,1,1,1,1,1,1,1
1,9,0,1,1,0,1,0,1,1,0,1,1,0,1,0,1,1
1,9,0,1,0,0,1,1,0,0,0,1,0,0,1,1,0,0
1,9,1,1,1,1,1,1,1,1,1,1,1,1,1,1,1,1
1,9,0,0,0,0,0,0,0,0,0,0,0,0,0,0,0,0
1,9,1,1,1,1,1,1,1,1,1,1,1,1,1,1,1,1
0,9,0,0,0,0,0,0,0,0,1,1,1,1,1,1,1,1
0,9,0,0,0,0,0,0,0,0,1,1,1,1,1,1,1,1
1,9,1,1,1,1,1,1,1,1,1,1,1,1,1,1,1,1
1,9,1,1,1,1,1,1,0,1,1,1,1,1,1,1,0,1
1,9,1,1,1,1,1,1,1,1,1,1,1,1,1,1,1,1
0,9,0,0,0,0,0,0,0,0,1,1,1,1,1,1,1,1
0,9,0,0,1,1,0,0,0,0,1,1,0,0,1,1,1,1
0,9,0,0,0,0,0,0,0,0,1,1,1,1,1,1,1,1
0,9,0,0,0,0,0,0,0,0,1,1,1,1,1,1,1,1
1,9,1,1,1,1,1,1,1,1,1,1,1,1,1,1,1,1
0,9,1,1,1,1,1,1,1,1,0,0,0,0,0,0,0,0
0,9,1,1,1,1,1,0,1,1,0,0,0,0,0,1,0,0
0,9,0,0,0,0,0,0,0,0,1,1,1,1,1,1,1,1
1,9,1,1,1,1,1,1,1,1,1,1,1,1,1,1,1,1
1,9,1,0,0,0,1,0,1,0,1,0,0,0,1,0,1,0
1,9,1,1,1,1,1,1,0,1,1,1,1,1,1,1,0,1
0,9,0,0,0,0,0,0,0,0,1,1,1,1,1,1,1,1
0,10,0,0,0,0,0,0,0,0,1,1,1,1,1,1,1,1
1,10,1,1,1,1,1,1,1,1,1,1,1,1,1,1,1,1
1,10,1,0,1,1,1,0,1,1,1,0,1,1,1,0,1,1
1,10,1,1,1,1,1,1,1,1,1,1,1,1,1,1,1,1
0,10,0,0,0,0,0,0,0,0,1,1,1,1,1,1,1,1
1,10,1,1,1,1,1,0,1,1,1,1,1,1,1,0,1,1
1,10,1,1,1,1,1,1,1,1,1,1,1,1,1,1,1,1
0,10,1,0,1,1,1,0,1,1,0,1,0,0,0,1,0,0
0,10,1,0,0,0,0,0,0,0,0,1,1,1,1,1,1,1
1,10,1,1,1,1,1,1,1,1,1,1,1,1,1,1,1,1
0,10,0,0,0,1,0,0,0,0,1,1,1,0,1,1,1,1
0,10,0,0,0,0,0,0,0,0,1,1,1,1,1,1,1,1
1,10,1,1,1,1,1,0,1,1,1,1,1,1,1,0,1,1
1,10,1,0,1,1,1,0,1,1,1,0,1,1,1,0,1,1
0,10,0,0,0,0,0,0,0,0,1,1,1,1,1,1,1,1
1,10,1,1,1,1,1,1,1,1,1,1,1,1,1,1,1,1
1,10,1,1,1,1,1,1,1,1,1,1,1,1,1,1,1,1
0,10,0,0,0,0,0,0,0,0,1,1,1,1,1,1,1,1
0,10,0,0,0,0,0,0,0,0,1,1,1,1,1,1,1,1
0,10,0,0,0,0,0,0,0,0,1,1,1,1,1,1,1,1
1,10,0,1,1,0,1,1,1,1,0,1,1,0,1,1,1,1
0,10,0,0,0,0,0,0,0,0,1,1,1,1,1,1,1,1
0,10,0,0,0,0,0,0,0,0,1,1,1,1,1,1,1,1
1,10,1,1,1,1,1,1,1,1,1,1,1,1,1,1,1,1
0,10,0,0,0,0,0,0,0,0,1,1,1,1,1,1,1,1
1,10,1,1,1,1,1,0,1,1,1,1,1,1,1,0,1,1
1,10,1,1,1,1,1,1,1,1,1,1,1,1,1,1,1,1
1,10,1,1,1,1,1,1,1,1,1,1,1,1,1,1,1,1
1,10,1,1,1,1,1,1,1,1,1,1,1,1,1,1,1,1
0,10,0,0,0,0,0,0,0,0,1,1,1,1,1,1,1,1
0,10,0,0,1,1,0,0,1,0,1,1,0,0,1,1,0,1
1,10,0,0,1,1,0,0,0,0,0,0,1,1,0,0,0,0
1,10,1,1,0,0,1,0,1,1,1,1,0,0,1,0,1,1
0,10,0,0,0,0,0,0,0,0,1,1,1,1,1,1,1,1
1,10,1,1,1,1,1,1,1,1,1,1,1,1,1,1,1,1
1,10,1,1,1,1,1,1,1,1,1,1,1,1,1,1,1,1
1,10,1,1,1,0,1,0,1,1,1,1,1,0,1,0,1,1
1,10,1,1,1,1,1,1,1,1,1,1,1,1,1,1,1,1
0,10,0,0,0,0,0,0,0,0,1,1,1,1,1,1,1,1
0,10,0,0,0,0,0,0,0,0,1,1,1,1,1,1,1,1
0,10,0,0,0,1,0,0,0,0,1,1,1,0,1,1,1,1
1,10,1,1,1,1,1,0,1,1,1,1,1,1,1,0,1,1
0,10,0,0,0,0,0,0,0,0,1,1,1,1,1,1,1,1
0,10,0,0,0,0,0,0,0,0,1,1,1,1,1,1,1,1
1,10,1,1,1,1,1,1,1,1,1,1,1,1,1,1,1,1
0,10,0,0,0,0,0,0,0,0,1,1,1,1,1,1,1,1
1,10,1,1,1,1,1,1,1,1,1,1,1,1,1,1,1,1
0,10,0,0,0,0,0,0,0,0,1,1,1,1,1,1,1,1
0,10,0,0,0,0,0,0,0,0,1,1,1,1,1,1,1,1
0,10,0,0,0,0,0,0,0,0,1,1,1,1,1,1,1,1
0,10,0,0,0,0,0,0,0,0,1,1,1,1,1,1,1,1
1,10,1,1,1,1,1,0,1,1,1,1,1,1,1,0,1,1
0,10,0,1,1,1,1,0,1,1,1,0,0,0,0,1,0,0
1,10,0,1,1,1,1,1,0,1,0,1,1,1,1,1,0,1
0,10,0,1,1,0,1,0,1,1,1,0,0,1,0,1,0,0
1,10,1,1,1,1,1,1,1,1,1,1,1,1,1,1,1,1
1,10,1,1,1,1,1,1,1,1,1,1,1,1,1,1,1,1
0,10,0,0,0,0,0,0,0,0,1,1,1,1,1,1,1,1
1,10,1,1,1,1,1,1,1,1,1,1,1,1,1,1,1,1
0,10,0,0,0,0,0,0,0,0,1,1,1,1,1,1,1,1
0,10,0,0,0,0,0,0,0,0,1,1,1,1,1,1,1,1
0,10,0,0,0,0,0,0,0,0,1,1,1,1,1,1,1,1
0,10,0,0,0,0,0,0,0,0,1,1,1,1,1,1,1,1
1,10,1,1,1,1,1,1,1,1,1,1,1,1,1,1,1,1
0,10,1,0,0,0,0,0,0,0,0,1,1,1,1,1,1,1
1,10,1,1,1,1,1,0,1,1,1,1,1,1,1,0,1,1
1,10,0,1,0,1,0,0,0,0,0,1,0,1,0,0,0,0
1,10,1,1,1,1,1,1,1,1,1,1,1,1,1,1,1,1
0,10,0,0,0,0,0,0,0,0,1,1,1,1,1,1,1,1
0,10,0,0,0,0,0,0,0,0,1,1,1,1,1,1,1,1
0,10,0,0,0,0,0,0,0,0,1,1,1,1,1,1,1,1
0,10,0,0,0,0,0,0,0,0,1,1,1,1,1,1,1,1
0,10,0,0,0,0,0,0,0,0,1,1,1,1,1,1,1,1
0,10,0,0,1,1,0,0,1,0,1,1,0,0,1,1,0,1
0,10,0,0,0,0,0,0,0,0,1,1,1,1,1,1,1,1
0,10,1,0,0,1,0,0,1,0,0,1,1,0,1,1,0,1
0,10,0,0,0,0,0,0,0,0,1,1,1,1,1,1,1,1
0,10,0,0,0,0,0,0,0,0,1,1,1,1,1,1,1,1
1,10,1,1,1,1,1,1,1,1,1,1,1,1,1,1,1,1
0,10,0,0,0,0,0,0,0,0,1,1,1,1,1,1,1,1
1,10,1,1,1,1,1,0,1,1,1,1,1,1,1,0,1,1
1,10,1,1,1,1,1,1,0,1,1,1,1,1,1,1,0,1
0,10,0,0,0,0,0,1,0,0,1,1,1,1,1,0,1,1
1,10,0,0,0,1,0,0,1,0,0,0,0,1,0,0,1,0
0,10,0,0,0,0,0,0,0,0,1,1,1,1,1,1,1,1
0,10,0,0,0,0,0,0,0,0,1,1,1,1,1,1,1,1
1,10,1,1,1,1,1,1,1,1,1,1,1,1,1,1,1,1
1,10,1,1,1,1,1,0,0,1,1,1,1,1,1,0,0,1
1,10,1,1,1,1,1,1,1,1,1,1,1,1,1,1,1,1
0,10,0,0,0,0,0,0,0,0,1,1,1,1,1,1,1,1
0,10,0,0,0,0,0,0,0,0,1,1,1,1,1,1,1,1
0,10,0,0,0,0,0,0,0,0,1,1,1,1,1,1,1,1
1,10,0,0,0,0,0,0,0,0,0,0,0,0,0,0,0,0
1,10,1,1,1,1,1,1,1,1,1,1,1,1,1,1,1,1
0,10,0,0,0,0,0,0,0,0,1,1,1,1,1,1,1,1
1,10,1,1,1,1,1,1,1,1,1,1,1,1,1,1,1,1
0,10,1,0,0,0,0,0,0,0,0,1,1,1,1,1,1,1
1,10,1,1,1,1,1,1,1,1,1,1,1,1,1,1,1,1
0,10,0,0,0,1,0,0,0,0,1,1,1,0,1,1,1,1
1,10,1,1,1,1,1,1,1,1,1,1,1,1,1,1,1,1
1,10,1,1,1,1,1,1,1,1,1,1,1,1,1,1,1,1
0,10,0,0,0,0,0,0,0,0,1,1,1,1,1,1,1,1
0,10,0,0,0,0,0,0,0,0,1,1,1,1,1,1,1,1
0,10,0,0,0,0,0,0,0,0,1,1,1,1,1,1,1,1
1,10,1,1,1,1,1,1,1,1,1,1,1,1,1,1,1,1
1,10,1,1,1,1,1,1,1,1,1,1,1,1,1,1,1,1
1,10,1,1,1,1,1,1,1,1,1,1,1,1,1,1,1,1
0,10,0,0,0,0,0,0,0,0,1,1,1,1,1,1,1,1
0,10,0,0,0,0,0,0,0,0,1,1,1,1,1,1,1,1
0,10,1,0,0,0,1,0,0,0,0,1,1,1,0,1,1,1
0,10,0,0,0,0,0,0,0,0,1,1,1,1,1,1,1,1
1,10,1,1,1,1,1,1,1,1,1,1,1,1,1,1,1,1
1,10,0,0,0,0,1,0,1,0,0,0,0,0,1,0,1,0
1,10,1,1,1,1,1,1,1,1,1,1,1,1,1,1,1,1
1,10,1,1,1,1,1,1,1,1,1,1,1,1,1,1,1,1
0,10,0,0,0,0,0,0,0,0,1,1,1,1,1,1,1,1
1,10,1,1,1,1,1,1,1,1,1,1,1,1,1,1,1,1
1,10,1,1,0,0,1,1,0,1,1,1,0,0,1,1,0,1
0,10,0,0,0,0,0,0,0,0,1,1,1,1,1,1,1,1
0,10,1,0,1,0,1,0,1,1,0,1,0,1,0,1,0,0
0,10,0,0,0,0,0,0,0,0,1,1,1,1,1,1,1,1
0,10,0,0,0,0,0,0,0,0,1,1,1,1,1,1,1,1
0,10,0,0,0,0,0,0,0,0,1,1,1,1,1,1,1,1
0,10,0,0,0,1,1,0,0,0,1,1,1,0,0,1,1,1
1,10,1,1,1,1,1,1,1,1,1,1,1,1,1,1,1,1
0,10,0,0,0,0,0,0,0,0,1,1,1,1,1,1,1,1
1,10,1,1,0,0,1,0,0,0,1,1,0,0,1,0,0,0
1,10,1,1,1,1,1,1,1,1,1,1,1,1,1,1,1,1
0,10,0,0,0,0,0,0,0,0,1,1,1,1,1,1,1,1
0,10,0,0,0,0,0,0,0,0,1,1,1,1,1,1,1,1
1,10,1,1,1,1,1,1,1,1,1,1,1,1,1,1,1,1
0,10,1,0,0,0,1,0,0,0,0,1,1,1,0,1,1,1
0,10,0,0,0,0,0,0,0,0,1,1,1,1,1,1,1,1
0,10,0,0,0,0,0,0,0,0,1,1,1,1,1,1,1,1
0,10,0,0,0,0,0,0,0,0,1,1,1,1,1,1,1,1
0,10,0,0,0,0,0,0,0,0,1,1,1,1,1,1,1,1
0,10,0,0,0,0,0,0,0,0,1,1,1,1,1,1,1,1
0,10,1,1,1,1,1,1,0,1,0,0,0,0,0,0,1,0
0,10,0,0,0,0,0,0,0,0,1,1,1,1,1,1,1,1
0,10,0,1,1,1,1,1,1,1,1,0,0,0,0,0,0,0
0,10,0,0,0,0,0,0,0,0,1,1,1,1,1,1,1,1
1,10,1,1,0,0,1,0,0,0,1,1,0,0,1,0,0,0
1,10,1,1,1,1,1,0,1,1,1,1,1,1,1,0,1,1
1,10,1,0,1,0,1,1,0,1,1,0,1,0,1,1,0,1
1,10,1,0,1,1,0,0,1,1,1,0,1,1,0,0,1,1
1,10,0,0,1,1,1,0,1,1,0,0,1,1,1,0,1,1
1,10,0,0,0,0,1,1,0,0,0,0,0,0,1,1,0,0
0,10,0,0,0,0,0,0,0,0,1,1,1,1,1,1,1,1
0,10,1,0,1,1,1,1,1,1,0,1,0,0,0,0,0,0
1,10,0,1,1,1,1,0,1,1,0,1,1,1,1,0,1,1
0,10,0,0,1,1,0,0,0,0,1,1,0,0,1,1,1,1
0,10,0,0,0,0,0,0,0,0,1,1,1,1,1,1,1,1
0,10,0,0,0,0,0,0,0,0,1,1,1,1,1,1,1,1
0,10,1,0,0,1,1,0,0,0,0,1,1,0,0,1,1,1
0,10,0,0,0,0,0,0,0,0,1,1,1,1,1,1,1,1
0,10,0,0,0,0,0,0,0,0,1,1,1,1,1,1,1,1
1,10,1,0,1,1,1,1,1,1,1,0,1,1,1,1,1,1
0,10,1,0,0,0,1,0,1,0,0,1,1,1,0,1,0,1
0,10,0,0,0,0,1,0,0,0,1,1,1,1,0,1,1,1
1,10,1,1,1,1,1,0,1,1,1,1,1,1,1,0,1,1
1,10,1,1,1,1,1,1,1,1,1,1,1,1,1,1,1,1
1,10,1,0,0,0,1,0,0,0,1,0,0,0,1,0,0,0
0,10,1,0,0,0,0,0,0,0,0,1,1,1,1,1,1,1
0,10,0,0,0,0,0,0,0,0,1,1,1,1,1,1,1,1
1,10,1,0,1,1,0,0,1,1,1,0,1,1,0,0,1,1
1,10,1,1,1,1,1,1,1,1,1,1,1,1,1,1,1,1
0,10,1,0,0,1,1,0,0,0,0,1,1,0,0,1,1,1
1,10,1,1,1,0,1,0,0,1,1,1,1,0,1,0,0,1
1,10,1,0,1,1,1,0,1,1,1,0,1,1,1,0,1,1
0,10,1,1,1,1,1,0,1,1,0,0,0,0,0,1,0,0
1,10,1,1,0,1,0,0,1,1,1,1,0,1,0,0,1,1
0,10,1,0,0,0,1,0,0,0,0,1,1,1,0,1,1,1
0,10,0,0,0,0,0,0,0,0,1,1,1,1,1,1,1,1
0,10,1,0,1,1,1,0,1,1,0,1,0,0,0,1,0,0
1,10,1,1,0,0,1,1,0,1,1,1,0,0,1,1,0,1
1,10,1,1,1,1,1,1,1,1,1,1,1,1,1,1,1,1
0,10,0,0,0,0,0,0,0,0,1,1,1,1,1,1,1,1
1,10,1,1,1,1,1,0,1,1,1,1,1,1,1,0,1,1
1,10,1,0,1,1,1,0,1,1,1,0,1,1,1,0,1,1
1,10,1,1,1,1,1,1,0,1,1,1,1,1,1,1,0,1
0,10,0,0,0,0,0,0,0,0,1,1,1,1,1,1,1,1
1,10,1,1,1,1,1,1,1,1,1,1,1,1,1,1,1,1
0,10,0,0,0,0,0,0,0,0,1,1,1,1,1,1,1,1
1,10,1,1,1,1,1,1,1,1,1,1,1,1,1,1,1,1
0,10,1,0,0,0,0,0,0,0,0,1,1,1,1,1,1,1
1,10,1,1,1,1,1,1,1,1,1,1,1,1,1,1,1,1
1,10,1,0,1,1,1,0,1,1,1,0,1,1,1,0,1,1
0,10,0,0,0,0,0,0,0,0,1,1,1,1,1,1,1,1
0,10,0,0,0,0,0,0,0,0,1,1,1,1,1,1,1,1
1,10,1,0,1,0,1,1,1,1,1,0,1,0,1,1,1,1
0,10,0,0,0,0,0,0,1,0,1,1,1,1,1,1,0,1
0,10,1,1,1,1,1,1,1,1,0,0,0,0,0,0,0,0
0,10,1,0,1,1,0,0,1,1,0,1,0,0,1,1,0,0
1,10,0,1,1,1,1,0,1,1,0,1,1,1,1,0,1,1
0,10,0,0,0,0,0,0,0,0,1,1,1,1,1,1,1,1
0,10,0,0,0,0,0,0,0,0,1,1,1,1,1,1,1,1
0,10,0,0,0,0,0,0,0,0,1,1,1,1,1,1,1,1
0,10,0,0,0,0,0,0,0,0,1,1,1,1,1,1,1,1
0,10,0,0,0,0,0,0,0,0,1,1,1,1,1,1,1,1
1,10,1,1,0,0,0,0,0,0,1,1,0,0,0,0,0,0
1,10,0,1,0,0,0,0,1,0,0,1,0,0,0,0,1,0
0,10,0,0,0,0,0,0,0,0,1,1,1,1,1,1,1,1
1,10,1,1,1,1,1,1,1,1,1,1,1,1,1,1,1,1
1,10,0,0,0,0,0,0,0,0,0,0,0,0,0,0,0,0
0,10,0,0,0,0,0,0,0,0,1,1,1,1,1,1,1,1
0,10,0,0,0,0,0,0,0,0,1,1,1,1,1,1,1,1
0,10,0,0,0,0,0,0,0,0,1,1,1,1,1,1,1,1
0,10,1,0,0,0,1,0,0,0,0,1,1,1,0,1,1,1
0,10,0,0,0,0,0,0,0,0,1,1,1,1,1,1,1,1
0,10,0,0,0,0,0,0,0,0,1,1,1,1,1,1,1,1
1,10,1,1,1,1,1,1,1,1,1,1,1,1,1,1,1,1
0,10,0,0,0,0,0,0,0,0,1,1,1,1,1,1,1,1
1,10,1,1,1,1,1,1,1,1,1,1,1,1,1,1,1,1
0,10,0,0,0,0,0,0,0,0,1,1,1,1,1,1,1,1
1,10,1,1,1,1,1,0,1,1,1,1,1,1,1,0,1,1
1,10,1,1,1,1,1,1,1,1,1,1,1,1,1,1,1,1
0,10,0,0,0,0,0,0,0,0,1,1,1,1,1,1,1,1
1,10,0,1,0,0,0,0,0,0,0,1,0,0,0,0,0,0
1,10,0,1,1,1,1,1,1,1,0,1,1,1,1,1,1,1
1,10,1,1,1,1,1,1,1,1,1,1,1,1,1,1,1,1
1,10,1,1,1,1,1,0,1,1,1,1,1,1,1,0,1,1
1,10,0,1,1,1,0,0,1,1,0,1,1,1,0,0,1,1
1,10,1,1,1,1,1,0,0,1,1,1,1,1,1,0,0,1
0,10,0,0,0,0,0,0,1,0,1,1,1,1,1,1,0,1
0,10,0,0,0,0,1,1,0,0,1,1,1,1,0,0,1,1
1,10,1,0,1,1,0,0,1,1,1,0,1,1,0,0,1,1
0,10,0,0,1,1,1,1,1,1,1,1,0,0,0,0,0,0
0,10,0,0,0,0,0,0,0,0,1,1,1,1,1,1,1,1
1,10,1,1,1,1,1,1,1,1,1,1,1,1,1,1,1,1
0,10,0,0,0,0,0,0,0,0,1,1,1,1,1,1,1,1
1,10,1,1,1,1,1,0,1,1,1,1,1,1,1,0,1,1
